ID,Language_ID,Language_name,Parameter_ID,Value,Source,Comment
1A-abi,abip1241,Abipón,1A,Moderately small,Najlis-1966,
1A-abk,abkh1244,Abkhaz,1A,Large,Hewitt-1979,
1A-ach,ache1246,Aché,1A,Small,Susnik-1974,
1A-acm,achu1247,Achumawi,1A,Moderately small,Olmsted-1964;Olmsted-1966,
1A-aco,west2632,Acoma,1A,Large,Miller-1966,
1A-adz,adze1240,Adzera,1A,Moderately small,Holzknecht-1973,
1A-agh,aghe1239,Aghem,1A,Average,Hyman-1979,
1A-aht,ahte1237,Ahtna,1A,Moderately large,Kari-1990,
1A-aik,aika1237,Aikaná,1A,Average,Hanke-1956;Aikhenvald-and-Dixon-1999[362-363],
1A-ain,ainu1240,Ainu,1A,Small,Patrie-1982;Simeon-1969,
1A-aiz,apro1235,Aizi,1A,Average,Herault-1971,
1A-akn,akan1250,Akan,1A,Average,Dolphyne-1988;Ladefoged-1964;Schachter-and-Fromkin-1968;Stewart-1967;Welmers-1946,
1A-akw,akaw1239,Akawaio,1A,Small,Edwards-1978,
1A-abm,alab1237,Alabama,1A,Small,Rand-1968,
1A-ala,alam1246,Alamblak,1A,Moderately small,Bruce-1984,
1A-alw,alaw1244,Alawa,1A,Average,Sharpe-1972,
1A-alb,gheg1238,Albanian,1A,Average,Newmark-1957,
1A-aea,aleu1260,Aleut (Eastern),1A,Average,Bergsland-1994;Cho-et-al-1997;Jacobson-1944;Menovshchikov-1968;Rozelle-1997;Bergsland-1956;Bergsland-1959,
1A-ald,alla1248,Alladian,1A,Average,Dumestre-and-Duponchel-1971;Duponchel-1971,
1A-amc,amah1246,Amahuaca,1A,Small,Osborn-1948,
1A-ame,amel1241,Amele,1A,Moderately small,Roberts-1987,
1A-amh,amha1245,Amharic,1A,Moderately large,Hayward-and-Hayward-1999,
1A-amo,amoo1242,Amo,1A,Average,Anderson-1980;Di-Luzio-1972,
1A-amz,guer1243,Amuzgo,1A,Average,Bauernschmidt-1965;Longacre-1966,
1A-adk,ando1256,Andoke,1A,Small,Landaburu-1979,
1A-ant,anga1290,Angaatiha,1A,Small,Huisman-1973;Huisman-and-Lloyd-1981;Huisman-et-al-1981,
1A-anc,ngas1240,Angas,1A,Moderately large,Burquest-1971,
1A-ani,anii1246,//Ani,1A,Large,Vossen-1986;Vossen-1997,
1A-ao,aona1235,Ao,1A,Small,Gowda-1972;Gowda-1975,
1A-api,apin1244,Apinayé,1A,Small,Burgess-and-Ham-1968,
1A-apu,apur1254,Apurinã,1A,Small,Facundes-2000,
1A-arb,arab1268,Arabela,1A,Small,Rich-1963,
1A-aeg,egyp1253,Arabic (Egyptian),1A,Moderately large,Kennedy-1960;Mitchell-1962;Tomiche-1964,
1A-ana,arao1248,Araona,1A,Average,de-Pitman-1981,
1A-arp,buki1249,Arapesh (Mountain),1A,Moderately small,Conrad-and-Wogiga-1991,
1A-arc,arch1244,Archi,1A,Large,Kodzasov-1977,
1A-arm,nucl1235,Armenian (Eastern),1A,Moderately large,Allen-1950,
1A-amp,east2379,Arrernte (Mparntwe),1A,Large,Henderson-1994,
1A-asm,tamn1235,Asmat,1A,Small,Voorhoeve-1965,
1A-ata,atay1247,Atayal,1A,Average,Egerod-1966b,
1A-ava,avar1256,Avar,1A,Large,Charachidze-1981;Zhirkov-1936,
1A-awp,awac1239,Awa Pit,1A,Small,Curnow-1997,
1A-awn,awng1244,Awngi,1A,Moderately large,Hetzron-1969;Hetzron-1976,
1A-aym,cent2142,Aymara (Central),1A,Moderately large,Martin-1969,
1A-aze,sout2697,Azerbaijani,1A,Average,Householder-and-Lofti-1965,
1A-bag,bagi1246,Bagirmi,1A,Moderately large,Stevenson-1969,
1A-bai,cent2004,Bai,1A,Moderately small,Dell-1981,
1A-bng,qaqe1238,Baining,1A,Small,Parker-and-Parker-1974,
1A-baj,indo1317,Bajau (Sama),1A,Moderately large,Verheijen-1986,
1A-bki,baka1277,Bakairí,1A,Moderately small,Wheatley-1969;Wheatley-1973,
1A-bam,bamb1269,Bambara,1A,Average,Bird-et-al-1977,
1A-byu,band1339,Bandjalang (Yugumbir),1A,Small,Cunningham-1969,
1A-brd,bard1255,Bardi,1A,Moderately small,Metcalfe-1971,
1A-brb,baat1238,Bariba,1A,Moderately small,Welmers-1952a,
1A-bsk,bash1264,Bashkir,1A,Moderately large,Poppe-1964,
1A-bsq,basq1248,Basque,1A,Average,Saltarelli-et-al-1988,
1A-bkr,bata1293,Batak (Karo),1A,Moderately small,Woollams-1996,
1A-bto,bata1289,Batak (Toba),1A,Moderately small,van-der-Tuuk-1971,
1A-baw,bawm1236,Bawm,1A,Average,Reichle-1981,
1A-bee,beem1239,Beembe,1A,Moderately small,Jacquot-1962;Jacquot-1981,
1A-bej,beja1238,Beja,1A,Average,Hudson-1974;Hudson-1976b,
1A-bco,bell1243,Bella Coola,1A,Moderately large,Nater-1984;Newman-1947,
1A-ben,beng1280,Bengali,1A,Moderately large,Ferguson-and-Chowdhury-1960;Klaiman-1990,
1A-bma,cent2194,Berber (Middle Atlas),1A,Moderately large,Abdel-Massih-1971;Penchoen-1973b,
1A-ber,bert1248,Berta,1A,Average,Triulzi-et-al-1976a,
1A-bet,dalo1238,Bété,1A,Average,Werle-and-Gbalehi-1976,
1A-bir,bero1242,Birom,1A,Average,Bouquiaux-1970;Wolff-1959,
1A-bis,biss1248,Bisa,1A,Moderately small,Naden-1973,
1A-bbf,sout2840,Bobo Madaré (Northern),1A,Average,Bris-and-Prost-1981;Morse-1976,
1A-bod,bodo1269,Bodo,1A,Moderately small,Bhat-1968,
1A-brr,boro1282,Bororo,1A,Small,Crowell-1979,
1A-brh,brah1256,Brahui,1A,Average,De-Armond-1975;Emeneau-1937;Emeneau-1962,
1A-bra,lave1249,Brao,1A,Average,Keller-1976,
1A-bre,bret1244,Breton,1A,Average,Bothorel-1982;Ternes-1970,
1A-bri,brib1243,Bribri,1A,Moderately small,Arroyo-1972,
1A-brw,west2397,Bru (Western),1A,Average,Thongkum-1979,
1A-bul,bulg1262,Bulgarian,1A,Average,Aronson-1968;Bidwell-1968;Klagstad-1958;Scatton-1984;Ternes-and-Vladimirova-Buhtz-1999,
1A-bua,bura1267,Burarra,1A,Moderately small,Glasgow-and-Glasgow-1967,
1A-brm,nucl1310,Burmese,1A,Moderately large,Okell-1969;Watkins-2001,
1A-bur,buru1296,Burushaski,1A,Large,Anderson-1997b;Morgenstierne-1945,
1A-cac,cacu1241,Cacua,1A,Small,Cathcart-1979;Anderton-1989,
1A-cad,cadd1256,Caddo,1A,Average,Chafe-1976;Chafe-1979,
1A-cah,cahu1264,Cahuilla,1A,Average,Bright-1965b;Sauvel-and-Munro-1981;Seiler-1977,
1A-cax,asha1243,Campa (Axininca),1A,Moderately small,Dirks-1953;Payne-1981,
1A-cam,cams1241,Camsá,1A,Average,Howard-1967;Howard-1972;Mongui-Sanchez-1981,
1A-ckr,cane1242,Canela-Krahô,1A,Small,Popjes-and-Popjes-1986,
1A-cnt,yuec1235,Cantonese,1A,Average,Zee-1999,
1A-car,gali1262,Carib,1A,Moderately small,Hoff-1968;Peasgood-1972,
1A-ctl,stan1289,Catalan,1A,Average,Carbonell-and-Llisteri-1999,
1A-cay,chac1249,Cayapa,1A,Average,Lindskoog-and-Brend-1962,
1A-cyv,cayu1262,Cayuvava,1A,Moderately small,Key-1961;Key-1967,
1A-cha,cham1312,Chamorro,1A,Average,Seiden-1960;Topping-1973,
1A-chw,west2650,Cham (Western),1A,Average,Blood-1967;Edmondson-and-Gregerson-1993,
1A-cso,west2644,Chatino (Sierra Occidental),1A,Moderately small,Pride-1965,
1A-chl,uppe1439,Chehalis (Upper),1A,Moderately large,Kinkade-1963,
1A-che,cher1273,Cherokee,1A,Small,Bender-and-Harris-1946;Cook-1979;Walker-1975b,
1A-cck,chic1270,Chickasaw,1A,Moderately small,Gordon-et-al-2000;Munro-et-al-2002,
1A-cle,leal1235,Chinantec (Lealao),1A,Average,Rupp-1989;Rupp-1990,
1A-chq,quio1240,Chinantec (Quiotepec),1A,Moderately large,Robbins-1961;Robbins-1968,
1A-cti,tedi1235,Chin (Tiddim),1A,Average,Henderson-1965,
1A-chp,chip1261,Chipewyan,1A,Large,Li-1932;Li-1933;Li-1946,
1A-cve,chua1250,Chuave,1A,Small,Thurman-1970,
1A-chk,chuk1273,Chukchi,1A,Moderately small,Krause-1980;Skorik-1961;Skorik-1968,
1A-chu,niva1238,Chulupí,1A,Average,Stell-1972,
1A-chv,chuv1255,Chuvash,1A,Average,Andreev-1966;Krueger-1961,
1A-cil,luba1249,CiLuba,1A,Average,de-Schryver-1999,
1A-ccp,coco1261,Cocopa,1A,Average,Crawford-1966[13],
1A-cof,cofa1242,Cofán,1A,Moderately large,Borman-1962,
1A-cmn,coma1245,Comanche,1A,Small,Charney-1993;Wistrand-Robinson-and-Armagost-1990,
1A-coo,coos1249,Coos (Hanis),1A,Large,Zenk-1990,
1A-cre,plai1258,Cree (Plains),1A,Small,Dahlstrom-1991;Vinay-1992,
1A-cub,cube1242,Cubeo,1A,Small,Morse-and-Maxwell-1999b;Salser-1971,
1A-dad,dadi1250,Dadibi,1A,Small,MacDonald-1973,
1A-dag,daga1275,Daga,1A,Small,Murane-1974,
1A-dgb,dagb1246,Dagbani,1A,Average,Olawsky-1999;Wilson-and-Bendor-Samuel-1969,
1A-dgr,daur1238,Dagur,1A,Average,Bao-1982,
1A-dah,daha1245,Dahalo,1A,Large,Maddieson-et-al-1993;Nurse-1986;Tucker-et-al-1977,
1A-ddf,darf1239,Daju (Dar Fur),1A,Average,Thelwall-1981;Tucker-and-Bryan-1966,
1A-dan,dann1241,Dan,1A,Average,Bearth-and-Zemp-1967,
1A-dnw,dang1274,Dangaléat (Western),1A,Average,Fedry-1977,
1A-dni,lowe1415,Dani (Lower Grand Valley),1A,Small,Bromley-1961;van-der-Stap-1966,
1A-dar,dara1250,Darai,1A,Moderately large,Kotapish-and-Kotapish-1973;Kotapish-and-Kotapish-1975,
1A-det,shua1254,Deti,1A,Large,Vossen-1997,
1A-die,kumi1248,Diegueño (Mesa Grande),1A,Average,Langdon-1970,
1A-din,nort2815,Dinka,1A,Average,Andersen-1987;Malou-1988,
1A-dio,jola1263,Diola-Fogny,1A,Average,Sapir-1965,
1A-diy,dier1241,Diyari,1A,Average,Austin-1981,
1A-diz,dizi1235,Dizi,1A,Average,Allan-1976b,
1A-djp,dhuw1249,Djapu,1A,Average,Morphy-1983;Rose-et-al-1982,
1A-der,dera1245,Dla (Proper),1A,Small,Voorhoeve-1971,
1A-doy,doya1240,Doyayo,1A,Average,Wiering-1974,
1A-dre,dehu1237,Drehu,1A,Moderately large,Moyse-Faurie-1983,
1A-dum,vani1248,Dumo,1A,Small,Ross-1980,
1A-dyi,dyir1250,Dyirbal,1A,Small,Dixon-1972,
1A-efi,efik1245,Efik,1A,Small,Cook-1969a,
1A-eja,ejag1239,Ejagham,1A,Average,Watters-1981,
1A-eka,ekar1243,Ekari,1A,Small,Doble-1987;Steltenpool-1969,
1A-eng,stan1293,English,1A,Average,Gimson-1970,
1A-epe,epen1239,Epena Pedee,1A,Moderately small,Harms-1984;Harms-1985;Harms-1994,
1A-evn,even1260,Even,1A,Moderately small,Novikova-1960;Novikova-1966,
1A-eve,even1259,Evenki,1A,Moderately small,Bulatova-and-Grenoble-1999;Nedjalkov-1997,
1A-ewe,ewee1241,Ewe,1A,Moderately large,Pasch-1995,
1A-ewo,ewon1239,Ewondo,1A,Moderately large,Abega-1970;Nnomo-and-Mbezele-1982;Redden-1979,
1A-eya,eyak1241,Eyak,1A,Moderately large,Krauss-1965,
1A-fas,fasu1242,Fasu,1A,Small,Loeweke-and-May-1964,
1A-fef,fefe1239,Fe'fe',1A,Moderately small,Hyman-1972,
1A-fij,fiji1243,Fijian,1A,Average,Dixon-1988,
1A-fin,finn1318,Finnish,1A,Moderately small,Harms-1964;Lehtinen-1970;Wiik-1965,
1A-fre,stan1290,French,1A,Average,Fougeron-and-Smith-1999;Sten-1963,
1A-ful,fuln1247,Fulniô,1A,Average,Lapenda-1968,
1A-fur,furr1244,Fur,1A,Moderately small,Beaton-1968;Jakobi-1990;Tucker-and-Bryan-1966,
1A-fuz,mind1253,Fuzhou,1A,Small,Chan-1985;Chen-and-Norman-1965;Hanyu-1960;Norman-1988,
1A-fye,fyam1238,Fyem,1A,Large,Nettle-1998,
1A-ga,gaaa1244,Gã,1A,Moderately large,Berry-nd;Kropp-1987,
1A-gds,gads1258,Gadsup,1A,Small,Frantz-and-Frantz-1966,
1A-gar,garo1247,Garo,1A,Moderately small,Burling-1961,
1A-grr,gara1261,Garrwa,1A,Average,Furby-1974,
1A-gbb,gbay1287,Gbeya Bossangoa,1A,Moderately large,Monino-and-Roulon-1972;Samarin-1966,
1A-gla,gela1261,Gelao,1A,Moderately large,He-1981;He-1983,
1A-geo,nucl1302,Georgian,1A,Moderately large,Hewitt-1995;Neisser-1953;Robins-and-Waterson-1952;Selmer-1935;Tschenkeli-1958;Vogt-1938;Vogt-1958;Vogt-1971,
1A-ger,stan1295,German,1A,Average,Kohler-1999;Moulton-1962;Wangler-1972,
1A-goa,wayu1243,Goajiro,1A,Small,Holmer-1949d;Mansen-1967,
1A-goo,goon1238,Gooniyandi,1A,Average,McGregor-1990,
1A-gan,apuc1241,Great Andamanese,1A,Average,Yadav-nd,
1A-grb,barc1235,Grebo,1A,Average,Innes-1966,
1A-grk,mode1248,Greek (Modern),1A,Average,Householder-et-al-1964,
1A-grw,kala1399,Greenlandic (West),1A,Average,Rischel-1974,
1A-ghb,guah1255,Guahibo,1A,Moderately small,Kondo-and-Kondo-1967,
1A-gmb,guam1248,Guambiano,1A,Moderately small,Branks-and-Branks-1973;Caudmont-1954,
1A-gua,para1311,Guaraní,1A,Moderately small,Gregores-and-Suarez-1967;Lunt-1973;Uldall-1956,
1A-gwa,gbag1258,Gwari,1A,Average,Hyman-and-Magaji-1970,
1A-had,hadz1240,Hadza,1A,Large,Sands-et-al-1996;Tucker-et-al-1977,
1A-hai,haid1248,Haida,1A,Large,Sapir-1923,
1A-hak,hakk1236,Hakka,1A,Moderately small,Hashimoto-1973,
1A-hmr,hame1242,Hamer,1A,Average,Lydall-1976,
1A-ham,hamt1247,Hamtai,1A,Small,Healey-1981;Oates-and-Oates-1968,
1A-hau,haus1257,Hausa,1A,Moderately large,Newman-2000;Schuh-and-Bagari-1999,
1A-haw,hawa1245,Hawaiian,1A,Small,Elbert-and-Pukui-1979;Pukui-and-Elbert-1965;Schutz-1981,
1A-hba,hebr1245,Hebrew (Modern Ashkenazic),1A,Moderately small,Bolozky-1978;Bolozky-1997,
1A-hin,hind1269,Hindi,1A,Large,Kelkar-1968;Ohala-1983;Ohala-1999,
1A-hix,hixk1239,Hixkaryana,1A,Moderately small,Derbyshire-1985,
1A-hmo,huam1250,Hmong Njua,1A,Large,Harriehausen-1990;Lyman-1974;Purnell-1972;Smalley-1976;Wang-1983;Wang-1985,
1A-hop,hopi1249,Hopi,1A,Average,Kluckhohn-and-MacLeish-1955;Voegelin-1956;Whorf-1946a,
1A-htc,huas1256,Huastec,1A,Average,Larsen-and-Pike-1949;McQuown-1984;Peralta-1984,
1A-hve,sanm1287,Huave (San Mateo del Mar),1A,Average,Stairs-Kreger-and-Scharfe-de-Stairs-1981;Suarez-1975,
1A-hum,muru1274,Huitoto (Murui),1A,Moderately small,Aschmann-1993;Petersen-de-Pineros-1994;Burtch-1983;Minor-et-al-1982,
1A-hun,hung1274,Hungarian,1A,Moderately large,Banhidi-et-al-1965;Hall-1944;Szende-1999,
1A-hzb,hunz1247,Hunzib,1A,Large,van-den-Berg-1995,
1A-hup,hupa1239,Hupa,1A,Moderately large,Golla-1970;Gordon-1996;Woodward-1964,
1A-iaa,iaai1238,Iaai,1A,Large,Haudricourt-1971;Maddieson-and-Anderson-1995;Ozanne-Rivierre-1976,
1A-iba,iban1264,Iban,1A,Average,Omar-1981;Scott-1957,
1A-igb,nucl1417,Igbo,1A,Moderately large,Ikekeonwu-1999,
1A-ign,igna1246,Ignaciano,1A,Average,Ott-and-Ott-1967a,
1A-ijo,izon1238,Ijo (Kolokuma),1A,Average,Williamson-1965,
1A-ik,ikkk1242,Ik,1A,Moderately large,Heine-1975b;Tucker-1971,
1A-ika,arhu1242,Ika,1A,Moderately small,Frank-1990;Tracy-and-Tracy-1973,
1A-imo,imon1245,Imonda,1A,Small,Seiler-1985,
1A-ind,indo1316,Indonesian,1A,Average,Alwi-et-al-1998,
1A-igs,gaam1241,Ingessana,1A,Average,Crewe-1975;Tucker-and-Bryan-1966,
1A-ing,ingu1240,Ingush,1A,Large,Nichols-1994b,
1A-irx,iran1263,Iranxe,1A,Average,Meader-1967,
1A-irq,iraq1241,Iraqw,1A,Moderately large,Maghway-1995;Mous-1993;Nordbustad-1988;Whiteley-1958,
1A-irr,irar1238,Irarutu,1A,Small,Voorhoeve-1989,
1A-ird,iris1253,Irish (Donegal),1A,Large,Ni-Chasaide-1999;O-Dochartaigh-1992,
1A-iso,isok1239,Isoko,1A,Moderately large,Donwa-1982,
1A-ite,itel1242,Itelmen,1A,Moderately large,Volodin-1976,
1A-ito,iton1250,Itonama,1A,Average,Liccardi-and-Grimes-1968,
1A-ivs,ivat1242,Ivatan (Southern),1A,Average,Cottle-and-Cottle-1958;Heye-and-Hidalgo-1967;Hidalgo-and-Hidalgo-1971,
1A-iwm,iwam1256,Iwam,1A,Small,Laycock-1965b,
1A-jak,popt1235,Jakaltek,1A,Moderately large,Craig-1977;Day-1973,
1A-jpn,nucl1643,Japanese,1A,Moderately small,Bloch-1950;Jorden-1963;Martin-1952;Shibatani-1990,
1A-jpr,japr1238,Japreria,1A,Small,Durbin-and-Seijas-1972,
1A-jaq,jaqa1244,Jaqaru,1A,Large,Hardman-2000,
1A-jav,java1254,Javanese,1A,Average,Fagan-1988;Herrfurth-1964;Horne-1961;Uhlenbeck-1963,
1A-jeb,jebe1250,Jebero,1A,Average,Bendor-Samuel-1961b,
1A-jeh,jehh1245,Jeh,1A,Large,Cohen-1966;Gradin-1966;Gradin-and-Gradin-1979,
1A-jng,kach1280,Jingpho,1A,Average,Liu-1964,
1A-jiv,shua1257,Jivaro,1A,Moderately small,Beasley-and-Pike-1957,
1A-jom,talo1250,Jomang,1A,Small,Schadeberg-1981a,
1A-juh,juho1239,Ju|'hoan,1A,Large,Dickens-1994;Snyman-1970;Snyman-1975,
1A-kab,kaba1278,Kabardian,1A,Large,Kuipers-1960,
1A-kad,katc1249,Kadugli,1A,Average,Abdalla-1973;Matsushita-1984,
1A-kng,kain1272,Kaingang,1A,Small,Henry-1935;Kindell-1972;Wiesemann-1972,
1A-kly,kala1377,Kala Lagaw Ya,1A,Moderately small,Kennedy-1981;Wurm-1972a,
1A-kal,kala1373,Kalami,1A,Large,Baart-1997,
1A-kgu,kalk1246,Kalkatungu,1A,Average,Blake-1979b,
1A-kzh,nort2735,Kam (Zhanglu),1A,Average,Zheng-and-Quan-1988,
1A-knk,dera1248,Kanakuru,1A,Average,Newman-1974,
1A-knd,nucl1305,Kannada,1A,Moderately large,Sridhar-1990;Steever-1998b;Upadhyaya-1972,
1A-knr,cent2050,Kanuri,1A,Average,Awobuluyi-1971;Hutchison-1981;Lukas-1937,
1A-ksg,sgaw1245,Karen (Sgaw),1A,Moderately large,Jones-1961,
1A-krk,karo1304,Karok,1A,Moderately small,Bright-1957,
1A-kas,kash1277,Kashmiri,1A,Moderately large,Bhat-1987;Kelkar-and-Trisal-1964;Zakharin-1974;Zakharin-and-Edelman-1971,
1A-kws,kawa1283,Kawaiisu,1A,Average,Zigmond-et-al-1990-1991,
1A-kyl,east2342,Kayah Li (Eastern),1A,Average,Solnit-1997,
1A-kay,kaya1319,Kayardild,1A,Moderately small,Evans-1995,
1A-ked,keda1252,Kedang,1A,Moderately small,Korner-1985;Samely-1991,
1A-kef,kafa1242,Kefa,1A,Average,Fleming-1976,
1A-kek,kekc1242,K'ekchí,1A,Average,Freeze-1975;Haeseriju-1966,
1A-ker,kera1255,Kera,1A,Average,Ebert-1976;Ebert-1979,
1A-ket,kett1243,Ket,1A,Moderately small,Dulzon-1968;Feev-1998;Krejnovich-1968a;Vajda-2000,
1A-kew,kewa1250,Kewa,1A,Moderately small,Franklin-and-Franklin-1962,
1A-kha,halh1238,Khalkha,1A,Average,Luvsanvandan-1964;Street-1963;Svantesson-1985;Hangin-1968,
1A-kty,khan1273,Khanty,1A,Moderately small,Gulya-1966;Nikolaeva-1999,
1A-khr,khar1287,Kharia,1A,Moderately large,Biligiri-1965;Pinnow-1959,
1A-khs,khas1269,Khasi,1A,Average,Rabel-1961,
1A-khm,cent1989,Khmer,1A,Average,Ehrman-1972b;Huffman-1970a;Huffman-1970b;Jacob-1968,
1A-kmu,khmu1256,Khmu',1A,Average,Svantesson-1983,
1A-kho,nama1264,Khoekhoe,1A,Moderately large,Ladefoged-and-Traill-1984;Hagman-1977;Vossen-1997,
1A-klv,kili1267,Kilivila,1A,Average,Senft-1986,
1A-kio,kiow1266,Kiowa,1A,Average,Sivertsen-1956;Watkins-1984,
1A-kgz,kirg1245,Kirghiz,1A,Average,Herbert-and-Poppe-1963;Junusaliev-1966,
1A-krb,gilb1244,Kiribati,1A,Small,Groves-et-al-1985,
1A-kss,sout2778,Kisi (Southern),1A,Moderately small,Childs-1995,
1A-kiw,nort2930,Kiwai,1A,Small,Wurm-1977,
1A-klm,klam1254,Klamath,1A,Moderately large,Barker-1963a;Barker-1964,
1A-kla,klao1243,Klao,1A,Small,Singler-1979,
1A-koa,koas1236,Koasati,1A,Small,Haas-1944;Rising-1992,
1A-kob,kobo1249,Kobon,1A,Average,Davies-1980;Davies-1981b,
1A-koh,kohu1244,Kohumono,1A,Moderately large,Cook-1969b,
1A-koi,gras1249,Koiari,1A,Small,Dutton-1969;Dutton-1996,
1A-kzy,komi1268,Komi-Zyrian,1A,Moderately large,Bubrix-1949;Lytkin-1966b,
1A-kom,komo1258,Komo,1A,Average,Tucker-and-Bryan-1966,
1A-kkn,konk1267,Konkani,1A,Average,Gajendragadkar-1970;Madtha-1984;Major-1979,
1A-kgi,wame1240,Konyagi,1A,Large,Santos-1977,
1A-kor,kore1280,Korean,1A,Average,Cho-1967;Kim-1972;Kim-1986;Lee-1999;Martin-1951;Martin-1954;Martin-and-Lee-1969,
1A-kfe,koro1298,Koromfe,1A,Moderately small,Rennison-1997,
1A-kry,kory1246,Koryak,1A,Moderately small,Zhukova-1980,
1A-kot,kota1263,Kota,1A,Average,Emeneau-1944,
1A-ktk,afad1236,Kotoko,1A,Moderately large,Bouny-1977,
1A-koy,koya1251,Koya,1A,Average,Tyler-1969,
1A-kse,koyr1242,Koyraboro Senni,1A,Moderately small,Prost-1956;Williamson-1967,
1A-kch,koyr1240,Koyra Chiini,1A,Moderately small,Heath-1999b,
1A-kpa,kpan1246,Kpan,1A,Average,Shimizu-1971,
1A-kpe,libe1247,Kpelle,1A,Average,Hyman-1973;Welmers-1962;Welmers-1973,
1A-kro,kron1241,Krongo,1A,Average,Reh-1985,
1A-kya,kuku1273,Kuku-Yalanji,1A,Small,Oates-1964b;Oates-and-Oates-1964;Wurm-1972a,
1A-kul,gamo1244,Kullo,1A,Average,Allan-1976a,
1A-kun,bord1248,Kuna,1A,Moderately small,Baptista-and-Wallin-1974;Sherzer-1983,
1A-knm,kuna1268,Kunama,1A,Average,Bender-1996,
1A-kmp,kuni1267,Kunimaipa,1A,Moderately small,Pence-1966,
1A-krd,nort2641,Kurdish (Central),1A,Moderately large,Abdulla-and-McCarus-1967;McCarus-1958,
1A-kur,kuru1302,Kurukh,1A,Average,Pfeiffer-1972;Pinnow-1964,
1A-kut,kute1249,Kutenai,1A,Moderately large,Garvin-1948a;Morgan-1991,
1A-kwa,kwai1243,Kwaio,1A,Moderately small,Keesing-1985,
1A-kwk,kwak1269,Kwakw'ala,1A,Large,Boas-1911a;Boas-1947;Grubb-1977;Newman-1950,
1A-kwo,kwom1262,Kwoma,1A,Average,Kooyers-et-al-1971,
1A-lad,lada1244,Ladakhi,1A,Moderately large,Koshal-1979,
1A-lah,lahu1253,Lahu,1A,Moderately large,Matisoff-1973;Matisoff-1988,
1A-lak,lakk1252,Lak,1A,Large,Khajdakov-1966b;Murkelinskij-1967;Zhirkov-1955,
1A-lkt,lako1247,Lakhota,1A,Average,Carter-1974,
1A-lkk,lakk1238,Lakkia,1A,Moderately large,Solnit-1988;Haudricourt-1967,
1A-lam,peve1243,Lamé,1A,Moderately large,Sachnine-1982,
1A-lan,lang1324,Lango,1A,Moderately small,Okello-1975,
1A-lat,latv1249,Latvian,1A,Moderately large,Mathiassen-1997,
1A-lav,lavu1241,Lavukaleve,1A,Moderately small,Terrill-1999,
1A-llm,lele1264,Lelemi,1A,Average,Hoftmann-1971,
1A-len,lena1238,Lenakel,1A,Moderately small,Lynch-1978,
1A-lep,lepc1244,Lepcha,1A,Moderately large,Mainwaring-1898;Ju-1996;Mainwaring-1876,
1A-lez,lezg1247,Lezgian,1A,Large,Haspelmath-1993;Kodzasov-1990a,
1A-lit,lith1251,Lithuanian,1A,Large,Ambrazas-et-al-1966;Augustitis-1964;Senn-1966,
1A-lu,luuu1242,Lü,1A,Average,Li-1964;Morev-1978,
1A-lua,niel1243,Lua,1A,Average,Boyeldieu-1985,
1A-lug,lugb1240,Lugbara,1A,Moderately large,Anderson-1986;Crazzolara-1960;Tucker-and-Bryan-1966,
1A-lui,luis1253,Luiseño,1A,Average,Bright-1968;Hyde-1971;Kroeber-and-Grace-1960;Malecot-1963b;Bright-1965a,
1A-luo,luok1236,Luo,1A,Moderately large,Gregersen-1961,
1A-lus,lush1252,Lushootseed,1A,Large,Bates-et-al-1994,
1A-kkv,lusi1240,Lusi,1A,Moderately small,Counts-1969,
1A-luv,luva1239,Luvale,1A,Moderately small,Horton-1949,
1A-maa,masa1300,Maasai,1A,Average,Tucker-and-Bryan-1966;Tucker-and-Mpaayei-1955,
1A-mab,maba1277,Maba,1A,Average,Tucker-and-Bryan-1966,
1A-mne,nort2952,Maidu (Northeast),1A,Moderately small,Shipley-1964;Shipley-1956,
1A-mal,plat1254,Malagasy,1A,Moderately large,Dahl-1952;Dyen-1971b,
1A-mlk,mull1237,Malakmalak,1A,Small,Tryon-1974;Birk-1975,
1A-mla,came1252,Mambila,1A,Average,Connell-2000;Perrin-and-Hill-1969,
1A-mnc,manc1252,Manchu,1A,Moderately small,Austin-1962,
1A-mnd,mand1415,Mandarin,1A,Average,Chao-1968;Cheng-1973a;Dow-1972;Hanyu-1960,
1A-myi,mang1381,Mangarrayi,1A,Moderately small,Merlan-1982,
1A-mgg,tuuu1240,Mangghuer,1A,Average,Todaeva-1973,
1A-mao,maor1246,Maori,1A,Small,Bauer-1993,
1A-map,mapu1245,Mapudungun,1A,Average,Smeets-1989,
1A-mrn,mara1404,Maranao,1A,Small,McKaughan-and-Macaraya-1967;McKaughan-1958,
1A-mku,mara1386,Maranungku,1A,Small,Tryon-1970b,
1A-mrg,marg1265,Margi,1A,Moderately large,Hoffmann-1963;Maddieson-1987,
1A-mar,mari1440,Maricopa,1A,Average,Gordon-1986,
1A-mme,east2328,Mari (Meadow),1A,Average,Kovedjaeva-1966;Ristinen-1960,
1A-mrd,nucl1622,Marind,1A,Moderately small,Drabbe-1955,
1A-mrt,mart1255,Martuthunira,1A,Average,Dench-1995,
1A-mau,maun1240,Maung,1A,Moderately small,Capell-and-Hinch-1970,
1A-max,maxa1247,Maxakalí,1A,Small,Gudschinsky-et-al-1970,
1A-mya,maya1282,Ma'ya,1A,Small,Remijsen-2001;van-der-Leeden-1993,
1A-may,maib1239,Maybrat,1A,Small,Dol-1999,
1A-maz,maza1293,Mazahua,1A,Large,Spotts-1953,
1A-mzc,chiq1250,Mazatec (Chiquihuitlán),1A,Average,Jamieson-1976b;Jamieson-1976a,
1A-mba,mbaa1245,Mba,1A,Average,Pasch-1986,
1A-mbb,mbab1239,Mbabaram,1A,Average,Dixon-1966b;Dixon-1966a,
1A-mbm,mbum1254,Mbum,1A,Moderately large,Hagege-1970,
1A-mei,mani1292,Meithei,1A,Average,Chelliah-1997;Bhat-and-Ningomba-1997,
1A-mie,iumi1238,Mien,1A,Moderately large,Mao-et-al-1982;Purnell-1965,
1A-mss,sout2985,Miwok (Southern Sierra),1A,Moderately small,Broadbent-1964;Freeland-1951,
1A-mtp,toto1305,Mixe (Totontepec),1A,Small,Crawford-1963;Schoenhals-and-Schoenhals-1965,
1A-mxc,sanm1295,Mixtec (Chalcatongo),1A,Moderately small,Macaulay-1996,
1A-mxm,sanm1295,Mixtec (Molinos),1A,Moderately small,Hunter-and-Pike-1969,
1A-mog,mogh1245,Moghol,1A,Average,Weiers-1971,
1A-mor,morm1235,Mor,1A,Small,Laycock-1978,
1A-mro,moro1285,Moro,1A,Average,Black-and-Black-1971;Schadeberg-1981b,
1A-mov,movi1243,Movima,1A,Moderately small,Aikhenvald-and-Dixon-1999;Judy-and-Judy-1962b,
1A-mui,muin1242,Muinane,1A,Average,Aschmann-1993;Walton-and-Walton-1967,
1A-mum,nucl1240,Mumuye,1A,Average,Shimizu-1983,
1A-mun,mund1320,Mundari,1A,Moderately large,Gumperz-and-Bilibiri-1957;Pinnow-1959;Sinha-1975,
1A-mrl,murl1244,Murle,1A,Average,Arensen-1982;Yigezu-2001,
1A-mpa,murr1258,Murrinh-Patha,1A,Average,Street-and-Mollinjin-1981,
1A-nhn,nort2957,Nahuatl (North Puebla),1A,Moderately small,Brockway-1963,
1A-nht,tete1251,Nahuatl (Tetelcingo),1A,Moderately small,Tuggy-1979,
1A-nmb,sout2994,Nambikuára (Southern),1A,Average,Price-1976;Kroeker-1972,
1A-nai,nana1257,Nanai,1A,Moderately small,Avrorin-1968,
1A-nnc,cent1990,Nancowry,1A,Moderately small,Das-1977;Radhakrishnan-1981,
1A-nan,nand1266,Nandi,1A,Small,Creider-and-Creider-1989,
1A-nar,nara1262,Nara (in Ethiopia),1A,Average,Bender-1968;Thompson-1976a,
1A-nas,naas1242,Nasioi,1A,Small,Hurd-and-Hurd-1966,
1A-nbk,natu1249,Natügu,1A,Moderately large,Wurm-1972b,
1A-nav,nava1243,Navajo,1A,Moderately large,Sapir-and-Hoijer-1967;Young-and-Morgan-1972,
1A-nax,naxi1245,Naxi,1A,Large,Jiang-1985;Jiang-1980;Bradley-1975,
1A-ndt,ndut1239,Ndut,1A,Moderately large,Gueye-1986,
1A-ndy,ndyu1242,Ndyuka,1A,Moderately small,Huttar-and-Huttar-1994;Huttar-and-Huttar-1972,
1A-nen,nene1249,Nenets,1A,Moderately large,Ristinen-1968;Tereshchenko-1966a;Decsy-1966;Ristinen-1965;Katz-1975a;Hajdu-1963,
1A-nap,lish1246,Neo-Aramaic (Persian Azerbaijan),1A,Average,Garbell-1965,
1A-nep,nepa1252,Nepali,1A,Moderately large,Bandhu-et-al-1971,
1A-new,newa1246,Newari (Kathmandu),1A,Average,Manandhar-1986;Hale-and-Hale-1969,
1A-nez,nezp1238,Nez Perce,1A,Moderately large,Aoki-1994,
1A-nga,ngan1291,Nganasan,1A,Average,Tereshchenko-1979;Tereshchenko-1966c;Castren-1966,
1A-nti,ngit1239,Ngiti,1A,Large,Kutsch-Lojenga-1994,
1A-ngz,ngiz1242,Ngizim,1A,Large,Schuh-1981,
1A-nim,nucl1633,Nimboran,1A,Small,Anceaux-1965,
1A-niv,gily1242,Nivkh,1A,Moderately large,Krejnovich-1937;Gruzdeva-1998,
1A-nko,chig1238,Nkore-Kiga,1A,Average,Taylor-1985,
1A-nob,nobi1240,Nobiin,1A,Moderately small,Werner-1987;Bell-1971;Bell-1968,
1A-non,noon1243,Noni,1A,Average,Hyman-1981b,
1A-nor,norw1259,Norwegian,1A,Average,Vanvik-1972,
1A-nug,nung1290,Nunggubuyu,1A,Average,Hughes-and-Leeding-1971;Heath-1984,
1A-nun,nung1283,Nung (in Vietnam),1A,Average,Li-1977a,
1A-nuu,noot1239,Nuuchahnulth,1A,Large,Stonham-1999;Carlson-et-al-2001,
1A-nkt,nyah1250,Nyah Kur (Tha Pong),1A,Moderately large,Thongkum-1984;Diffloth-1984;Thongkum-1982,
1A-nyg,nyan1313,Nyangi,1A,Moderately small,Heine-1975a,
1A-nyi,amas1236,Nyimang,1A,Moderately small,Stevenson-1957;Tucker-and-Bryan-1966,
1A-nis,nisi1239,Nyishi,1A,Moderately small,Namkung-1996;Ray-1967,
1A-oca,ocai1244,Ocaina,1A,Moderately large,Aschmann-1993;Agnew-and-Pike-1957,
1A-ogb,ogbi1239,Ogbia,1A,Average,Williamson-1972;Williamson-1970,
1A-oji,east2542,Ojibwa (Eastern),1A,Moderately small,Bloomfield-1957,
1A-ond,onei1249,Oneida,1A,Small,Michelson-1988;Abbott-2000,
1A-ood,toho1245,O'odham,1A,Average,Hale-1959;Saxton-1963;Saxton-and-Saxton-1969,
1A-orm,ormu1247,Ormuri,1A,Average,Efimov-1986,
1A-orh,east2652,Oromo (Harar),1A,Moderately large,Owens-1985,
1A-otm,mezq1235,Otomí (Mezquital),1A,Average,Hess-1968;Sinclair-and-Pike-1948;Wallis-1968,
1A-pms,paam1238,Paamese,1A,Moderately small,Crowley-1982,
1A-pac,paco1243,Pacoh,1A,Average,Watson-1964,
1A-pae,paez1247,Páez,1A,Large,Jung-1989;Gerdel-1985;Gerdel-1973,
1A-pai,paiw1248,Paiwan,1A,Average,Ho-1977;Ferrel-1982,
1A-pnr,enap1235,Panare,1A,Small,Payne-1990b;Cauty-1974b;Cauty-1974a;Cauty-1978,
1A-puk,para1301,Parauk,1A,Large,Maddieson-and-Ladefoged-1985;Diffloth-1980;Qiu-et-al-1980,
1A-psh,cent1973,Pashto,1A,Moderately large,Grjunberg-1987;Penzl-1955;Shafeev-1964,
1A-psm,male1292,Passamaquoddy-Maliseet,1A,Moderately small,Leavitt-1996;LeSourd-1993;Sherwood-1986,
1A-pau,paum1247,Paumarí,1A,Average,Chapman-and-Derbyshire-1991;Chapman-1981,
1A-paw,pawa1255,Pawaian,1A,Small,MacDonald-1973;Trefry-1972,
1A-pec,pech1241,Pech,1A,Moderately small,Holt-1986;Holt-1999b,
1A-prs,west2369,Persian,1A,Average,Obolensky-et-al-1963;Majidi-and-Ternes-1999,
1A-phl,pwon1235,Phlong,1A,Average,Cooke-et-al-1976,
1A-prh,pira1253,Pirahã,1A,Small,Everett-1986,
1A-pit,pitj1243,Pitjantjatjara,1A,Moderately small,Glass-and-Hackett-1970;Eckert-and-Hudson-1988,
1A-poa,fwai1237,Po-Ai,1A,Moderately small,,
1A-poh,pohn1238,Pohnpeian,1A,Small,Rehg-1984a;Rehg-1984b;Rehg-1981,
1A-pol,poli1260,Polish,1A,Large,,
1A-pso,sout2982,Pomo (Southeastern),1A,Moderately large,Moshinsky-1974,
1A-pur,pure1242,Purépecha,1A,Moderately large,Foster-1969;de-Paul-1989;Chamereau-2000,
1A-qaw,qawa1238,Qawasqar,1A,Average,Clairis-1977;Clairis-1985,
1A-qco,sout2991,Quechua (Cochabamba),1A,Moderately large,Lastra-1968,
1A-qui,quil1240,Quileute,1A,Moderately large,Powell-1975;Hoard-1993,
1A-ram,rama1270,Rama,1A,Moderately small,Grinevald-1988,
1A-rap,rapa1244,Rapanui,1A,Small,Du-Feu-1996,
1A-res,resi1247,Resígaro,1A,Moderately large,Allin-1976,
1A-rom,roma1327,Romanian,1A,Average,Ruhlen-1973;Agard-1958;Tataru-1978,
1A-rsc,roma1326,Romansch (Scharans),1A,Average,Soler-and-Ebneter-1988,
1A-ror,waim1251,Roro,1A,Small,Davis-1974;Bluhme-1970,
1A-rtk,roto1249,Rotokas,1A,Small,Firchow-and-Firchow-1969;Firchow-et-al-1973,
1A-ruk,ruka1240,Rukai (Tanan),1A,Average,Li-1977b;Li-1973,
1A-rus,russ1263,Russian,1A,Moderately large,Jones-and-Ward-1969;Halle-1959,
1A-rut,rutu1240,Rutul,1A,Large,Ibragimov-1978;Dzhejranishvili-1967;Kodzasov-1990b,
1A-scs,sout2674,Saami (Central-South),1A,Large,Kert-1971;Hasselbrink-1965,
1A-sab,saba1265,Sa'ban,1A,Average,Clayre-1973,
1A-sba,sali1298,Sáliba (in Colombia),1A,Average,Benaissa-1979,
1A-sdw,sand1273,Sandawe,1A,Large,Tucker-et-al-1977;Kagaya-1993;Elderkin-1982;Dempwolff-1916;Maddieson-et-al-1999,
1A-san,sang1328,Sango,1A,Moderately large,Samarin-1967a;Samarin-1967b,
1A-snm,sanu1240,Sanuma,1A,Small,Borgman-1990;Aikhenvald-and-Dixon-1999,
1A-svs,savo1255,Savosavo,1A,Moderately small,Todd-1975,
1A-seb,kups1238,Sebei,1A,Small,Montgomery-1970,
1A-sed,seda1262,Sedang,1A,Large,Smith-1979;Smith-1968,
1A-slp,sele1250,Selepet,1A,Moderately small,McElhanon-1970b;McElhanon-1970c,
1A-sel,onaa1245,Selknam,1A,Average,Najlis-1973,
1A-skp,selk1253,Selkup,1A,Moderately small,Katz-1975b;Prokofjeva-1966,
1A-sml,seme1247,Semelai,1A,Moderately large,Kruspe-1999,
1A-snd,ceba1235,Senadi,1A,Average,Welmers-1950,
1A-snc,sene1264,Seneca,1A,Small,Chafe-1967,
1A-snt,nucl1632,Sentani,1A,Small,Cowan-1965,
1A-sha,shan1277,Shan,1A,Average,Chao-1951;Chan-1980;Cheng-1973b,
1A-shs,shas1239,Shasta,1A,Moderately small,Silver-1964;Silver-1966,
1A-shk,ship1254,Shipibo-Konibo,1A,Moderately small,Loriot-et-al-1993;Valenzuela-et-al-2001,
1A-shi,nina1238,Shiriana,1A,Small,Migliazza-and-Grimes-1961,
1A-shu,shus1248,Shuswap,1A,Large,Kuipers-1974,
1A-sdh,sind1272,Sindhi,1A,Large,Nihalani-1999,
1A-snh,sinh1246,Sinhala,1A,Average,Coates-and-da-Silva-1960,
1A-sin,sion1247,Siona,1A,Moderately small,Wheeler-and-Wheeler-1962,
1A-srn,siri1273,Sirionó,1A,Average,Firestone-1965,
1A-sla,slav1253,Slave,1A,Moderately large,Rice-1978;Rice-1989;Rice-1976,
1A-som,soma1255,Somali,1A,Average,Armstrong-1964;Hyman-1981a;Farnetani-1981;Andrzejewsky-1956;Andrzejewsky-1955;Cardona-1981,
1A-soq,soqo1240,Soqotri,1A,Moderately large,Johnstone-1975;Leslau-1938,
1A-sor,sora1254,Sora,1A,Moderately small,Ramamurti-1986,
1A-spa,stan1288,Spanish,1A,Average,Harris-1969a;Saporta-and-Contreras-1962;Navarro-1961,
1A-squ,squa1248,Squamish,1A,Large,Kuipers-1967,
1A-sre,koho1244,Sre,1A,Moderately large,Manley-1972,
1A-sue,suen1241,Suena,1A,Small,Wilson-1969;Wilson-1974,
1A-sui,suii1243,Sui,1A,Large,Li-1948,
1A-sup,supy1237,Supyire,1A,Average,Carlson-1994,
1A-swa,swah1253,Swahili,1A,Moderately large,Polome-nd,
1A-tab,east2440,Taba,1A,Moderately small,Bowden-1997a;Bowden-and-Hajek-1999,
1A-tac,taca1256,Tacana,1A,Moderately small,Van-Wynen-and-Van-Wynen-1962;Key-1968,
1A-tag,taga1270,Tagalog,1A,Moderately small,Schachter-and-Otanes-1972;Bloomfield-1917,
1A-tma,tama1331,Tama,1A,Average,Tucker-and-Bryan-1966,
1A-tam,east2347,Tamang (Eastern),1A,Average,Mazaudon-1973,
1A-tmp,tamp1252,Tampulma,1A,Average,Bergman-et-al-1969,
1A-tok,taro1263,Tarok,1A,Moderately large,Robinson-1976,
1A-tsg,taus1251,Tausug,1A,Moderately small,Ashley-1963,
1A-teh,tehu1242,Tehuelche,1A,Moderately large,Fernandez-Garay-1998,
1A-tks,teke1280,Teke (Southern),1A,Average,Paulian-1975,
1A-tel,telu1262,Telugu,1A,Moderately large,Sastry-1972;Lisker-1963;Kelley-1963;Kostic-et-al-1977;Krishnamurti-1961,
1A-tmn,nucl1339,Temein,1A,Moderately small,Tucker-and-Bryan-1966,
1A-tne,timn1235,Temne,1A,Moderately small,Wilson-1961a;Dalby-1966,
1A-ter,tera1251,Tera,1A,Large,Newman-1970,
1A-ttn,tetu1245,Tetun,1A,Small,Morris-1984,
1A-tha,thai1261,Thai,1A,Average,Abramson-1962;Kalaya-and-Abramson-1999;Kruatrachue-1960;Noss-1954;Noss-1964;Haas-1964,
1A-tib,tibe1272,Tibetan (Standard Spoken),1A,Large,Denwood-1999,
1A-tic,ticu1245,Ticuna,1A,Moderately small,Anderson-1959;Anderson-1962,
1A-tgk,tiga1245,Tigak,1A,Small,Beaumont-1979,
1A-tgr,tigr1270,Tigré,1A,Moderately large,Klingenheben-1966;Palmer-1962,
1A-try,tiru1241,Tiruray,1A,Moderately small,Post-1966;Schlegel-1971,
1A-twn,nort1550,Tiwa (Northern),1A,Moderately large,Hoijer-and-Dozier-1949;Trager-1971,
1A-tiw,tiwi1244,Tiwi,1A,Average,Lee-1983;Anderson-and-Maddieson-1994;Lee-1984;Osborne-1974,
1A-tlp,acat1239,Tlapanec,1A,Average,Suarez-1983a,
1A-tli,tlin1245,Tlingit,1A,Large,Maddieson-et-al-2001,
1A-toa,toar1246,Toaripi,1A,Small,Brown-1973,
1A-tol,toll1241,Tol,1A,Average,Holt-1999a;Fleming-and-Dennis-1977,
1A-ton,tonk1249,Tonkawa,1A,Moderately small,Hoijer-1946b;Hoijer-1972;Hoijer-1949,
1A-dts,toro1252,Toro So,1A,Moderately small,Plungian-1995;Bendor-Samuel-et-al-1989,
1A-tpa,papa1238,Totonac (Papantla),1A,Moderately small,Aschmann-1946,
1A-tru,trum1247,Trumai,1A,Average,Guirardello-1992;Monod-Becquelin-1975;Guirardello-1999b,
1A-tsi,nucl1649,Tsimshian (Coast),1A,Large,Dunn-1970;Dunn-1979;Hoard-1978;Mulder-1988;Dunn-1995,
1A-tso,tsou1248,Tsou,1A,Moderately small,Wright-and-Ladefoged-1994;Tung-1964,
1A-ttu,bats1242,Tsova-Tush,1A,Large,Desheriev-1953,
1A-tug,taha1241,Tuareg (Ahaggar),1A,Average,Louali-Reynal-et-al-1997;Prasse-1972,
1A-tuk,tuka1247,Tukang Besi,1A,Average,Donohue-1999c;Donohue-1999a,
1A-tul,tulu1258,Tulu,1A,Average,Bhat-1967,
1A-tun,tuni1252,Tunica,1A,Moderately small,Haas-1940,
1A-tur,nucl1301,Turkish,1A,Average,Zimmer-and-Orgun-1999,
1A-tuv,tuvi1240,Tuvan,1A,Average,Anderson-and-Harrison-1999;Seglenmej-1979;Sat-1966;Song-1982,
1A-tza,tzel1254,Tzeltal (Aguacatenango),1A,Average,Kaufman-1971,
1A-umb,umbu1257,UMbundu,1A,Average,Schadeberg-1982;Schadeberg-1990,
1A-una,unaa1239,Una,1A,Average,Louwerse-1988,
1A-ung,ngar1284,Ungarinjin,1A,Moderately small,Rumsey-1982;Coate-and-Oates-1970;Coate-and-Elkin-1974,
1A-urk,urub1250,Urubú-Kaapor,1A,Moderately small,Kakumasu-1986,
1A-usa,usan1239,Usan,1A,Small,Reesink-1987,
1A-uzn,nort2690,Uzbek (Northern),1A,Average,Sjoberg-1963;Sjoberg-1962,
1A-vie,viet1252,Vietnamese,1A,Average,Thompson-1965;Nguyen-1974a;Nguyen-1990;Emeneau-1951,
1A-wah,wahg1249,Wahgi,1A,Moderately small,Phillips-1976;Ladefoged-et-al-1977,
1A-bno,waim1255,Waimaha,1A,Small,Stolte-and-Stolte-1971,
1A-wam,wamb1258,Wambaya,1A,Moderately small,Nordlinger-1998,
1A-wnt,want1252,Wantoat,1A,Moderately small,Davis-1969,
1A-wps,wapi1253,Wapishana,1A,Moderately small,Tracy-1972,
1A-wap,wapp1239,Wappo,1A,Moderately large,Sawyer-1965,
1A-wra,wara1303,Warao,1A,Small,Vaquero-1965;de-Goeje-1930;Romero-Figueroa-1997;Osborn-1966,
1A-wry,wara1290,Waray (in Australia),1A,Moderately small,Harvey-1986,
1A-wrd,ward1246,Wardaman,1A,Moderately small,Merlan-1994,
1A-war,wari1268,Wari',1A,Moderately small,Everett-and-Kern-1997;MacEachern-et-al-1997,
1A-wrs,wari1266,Waris,1A,Small,Brown-1988b,
1A-wdo,pitj1243,Western Desert (Ooldea),1A,Moderately small,Douglas-1964;Douglas-1955,
1A-wma,west2600,West Makian,1A,Moderately small,Voorhoeve-1982;Watuseke-1976,
1A-wch,wich1264,Wichí,1A,Average,Vinas-Urquiza-1974;Tovar-1981;Hunt-1940,
1A-wic,wich1260,Wichita,1A,Average,Rood-1976,
1A-wmu,wikm1247,Wik Munkan,1A,Small,McConnel-1945;Sayers-and-Godfrey-1964,
1A-win,wint1259,Wintu,1A,Moderately large,Schlichter-1981;Pitkin-1984,
1A-wiy,wiyo1248,Wiyot,1A,Average,Teeter-1964,
1A-woi,kama1365,Woisika,1A,Moderately small,Stokhof-1979,
1A-wlf,nucl1347,Wolof,1A,Moderately large,Ka-1994;Manessy-and-Sauvageot-1963;Ward-1963;Sauvageot-1965,
1A-wuc,wuch1236,Wu (Changzhou),1A,Average,Chao-1970,
1A-xia,minn1241,Xiamen,1A,Average,Ramsey-1987;Norman-1988;Hanyu-1960,
1A-xoo,xooo1239,!Xóõ,1A,Large,Traill-1985;Traill-1994,
1A-ygr,yaga1260,Yagaria,1A,Small,Renck-1967;Renck-1975;Haiman-1980,
1A-yag,yagu1244,Yagua,1A,Small,Payne-1985,
1A-ykt,yaku1245,Yakut,1A,Average,Krueger-1962;Ubrjatova-1966;Bohtlingk-1964,
1A-yan,yana1271,Yana,1A,Average,Sapir-and-Swadesh-1960,
1A-amu,yane1238,Yanesha',1A,Average,Wise-1958;Fast-1953,
1A-yny,yany1243,Yanyuwa,1A,Moderately large,Kirton-1967;Huttar-and-Kirton-1981;Kirton-and-Charlie-1978,
1A-yap,yape1248,Yapese,1A,Average,Hsu-1969;Jensen-et-al-1977a,
1A-yaq,yaqu1251,Yaqui,1A,Moderately small,Dedrick-and-Casad-1999;Kurath-and-Spicer-1947,
1A-yar,yare1248,Yareba,1A,Small,Weimer-and-Weimer-1972,
1A-yaw,nucl1454,Yawa,1A,Small,Jones-1986b,
1A-yay,bouy1240,Yay,1A,Average,Gedney-1965,
1A-yel,yele1255,Yelî Dnye,1A,Large,,
1A-yes,yess1239,Yessan-Mayo,1A,Moderately small,Foreman-and-Marten-1973,
1A-yey,yeyi1239,Yeyi,1A,Large,Gowlett-1997,
1A-yid,yidi1250,Yidiny,1A,Small,Dixon-1977a,
1A-yim,yima1243,Yimas,1A,Small,Foley-1991,
1A-yor,yoru1245,Yoruba,1A,Moderately small,Bamgbose-1966,
1A-yct,yuca1254,Yucatec,1A,Average,Straight-1976,
1A-yuc,yuch1247,Yuchi,1A,Large,Ballard-1975;Crawford-1973,
1A-ycn,yucu1253,Yucuna,1A,Moderately small,Schauer-and-Schauer-1967,
1A-yko,sout2750,Yukaghir (Kolyma),1A,Average,Maslova-1999,
1A-ytu,nort2745,Yukaghir (Tundra),1A,Average,Krejnovich-1968c;Krejnovich-1958,
1A-yul,yulu1243,Yulu,1A,Large,Boyeldieu-1987,
1A-yus,cent2128,Yupik (Siberian),1A,Moderately large,Krauss-1975,
1A-yur,yuro1248,Yurok,1A,Moderately large,Robins-1958,
1A-zan,zand1248,Zande,1A,Average,Tucker-and-Hackett-1959,
1A-zqc,copa1236,Zoque (Copainalá),1A,Moderately small,Wonderly-1951a,
1A-zul,zulu1248,Zulu,1A,Moderately large,Poulos-and-Bosch-1997;Doke-1961;Poulos-and-Msimang-1998;Canonici-1989;Doke-1926;Ziervogel-et-al-1981,
1A-zun,zuni1245,Zuni,1A,Average,Newman-1965;Walker-1972,
