ID,Language_ID,Parameter_ID,Form,Segments,Comment,Source
51602,1,1-1,dunia,,,
51603,1,1-1,ulimwengu,,,
51604,1,1-21,nchi kavu,,,
51605,1,1-212,udongo,,,
51606,1,1-213,vumbi,,,
51607,1,1-214,matope,,,
51608,1,1-215,mchanga,,,
51610,1,1-22,kilima,,,
51609,1,1-22,mlima,,,
51611,1,1-222,mwamba (1),,,
51612,1,1-23,tambarare,,,
51613,1,1-24,bonde,,,
51614,1,1-25,kisiwa,,,
51615,1,1-26,bara,,,
51617,1,1-27,pwani,,,
51616,1,1-27,ufuko,,,
51618,1,1-28,pango,,,
51619,1,1-31,maji,,,
51620,1,1-32,bahari,,,
51621,1,1-322,"shwari, shuwari",,,
51502,1,1-323,-chafuka,,,
51622,1,1-324,povu,,,
51623,1,1-329,bahari,,,
51624,1,1-33,ziwa (1),,,
51625,1,1-34,ghuba,,,
51626,1,1-341,wangwa,,,
51627,1,1-342,mwamba (1),,,
51628,1,1-343,rasi,,,
51629,1,1-35,wimbi (1),,,
51630,1,1-352,maji (ya) kujaa na kupwa,,,
51631,1,1-353,maji kupwa,,,
51632,1,1-354,maji kujaa,,,
51633,1,1-36,mto (1),,,
51634,1,1-37,chemchemi,,,
51635,1,1-37,kisima,,,
51636,1,1-38,kinamasi,,,
51637,1,1-39,maporomoko (ya maji),,,
51638,1,1-41,msitu,,,
51639,1,1-41,mwitu,,,
51643,1,1-43,mti,,,
51644,1,1-44,jiwe,,,
51645,1,1-45,tetemeko (la ardhi),,,
51647,1,1-51,anga,,,
51646,1,1-51,mbingu,,,
51648,1,1-52,jua,,,
51649,1,1-53,mwezi,,,
51650,1,1-54,nyota,,,
51651,1,1-55,umeme,,,
51652,1,1-56,ngurumo,,,
51653,1,1-57,radi,,,
51655,1,1-58,"dhoruba, dharuba",,,
51656,1,1-58,kimbunga,,,
51654,1,1-58,tufani,,,
51657,1,1-59,upinde (wa mvua),,,
51658,1,1-61,mwanga,,,
51659,1,1-61,nuru,,,
51660,1,1-62,"giza, kiza",,,
51661,1,1-63,kivuli,,,
51662,1,1-64,umande,,,
51663,1,1-71,hewa,,,
51664,1,1-72,upepo,,,
51665,1,1-73,wingu,,,
51666,1,1-74,ukungu,,,
51667,1,1-75,mvua,,,
51668,1,1-76,theluji,,,
51669,1,1-77,barafu,,,
51672,1,1-78,hali ya hewa,,,
51673,1,1-81,moto,,,
51675,1,1-82,mwali,,,
51674,1,1-82,ulimi wa moto,,,
51676,1,1-83,moshi,,,
51678,1,1-84,jivu,,,
51679,1,1-841,makaa (ya moto),,,
51680,1,1-851,-unguza,,,
51681,1,1-852,-ungua,,,
51682,1,1-852,-waka,,,
51683,1,1-86,-washa,,,
51684,1,1-861,-zima (1),,,
51685,1,1-87,kiberiti,,,
51686,1,1-88,kuni,,,
51687,1,1-89,makaa,,,
51688,1,2-1,mtu,,,
51689,1,2-21,mwanamume,,,
51690,1,2-22,mwanamke,,,
51691,1,2-23,kiume,,,
51692,1,2-24,kike,,,
51693,1,2-25,mtoto,,,
51695,1,2-251,kijana,,,
51694,1,2-251,mvulana,,,
51696,1,2-26,mtoto,,,
51698,1,2-261,kijana,,,
51697,1,2-261,msichana,,,
51699,1,2-27,mtoto,,,
51700,1,2-28,mtoto mchanga,,,
51701,1,2-31,mume,,,
51702,1,2-32,mke,,,
51703,1,2-33,-oa,,,
51704,1,2-33,-olewa,,,
51705,1,2-34,"arusi, harusi",,,
51706,1,2-341,talaka,,,
51707,1,2-35,baba,,,
51708,1,2-36,mama,,,
51709,1,2-37,mzazi,,,
51710,1,2-41,mwana,,,
51711,1,2-42,mwana,,,
51864,1,3-662,pomboo,,,
51712,1,2-43,mwana,,,
51713,1,2-44,kaka,,,
51716,1,2-44,mdogo,,,
51715,1,2-44,mkubwa,,,
51714,1,2-44,ndugu,,,
51717,1,2-444,kaka,,,
51718,1,2-444,mkubwa,,,
51719,1,2-444,ndugu,,,
51720,1,2-445,mdogo,,,
51721,1,2-445,ndugu,,,
51723,1,2-45,dada,,,
51724,1,2-45,mdogo,,,
51725,1,2-45,mkubwa,,,
51722,1,2-45,ndugu,,,
51726,1,2-454,dada,,,
51727,1,2-454,mkubwa,,,
51728,1,2-454,ndugu,,,
51729,1,2-455,mdogo,,,
51730,1,2-455,ndugu,,,
51733,1,2-456,dada,,,
51732,1,2-456,kaka,,,
51735,1,2-456,mdogo,,,
51734,1,2-456,mkubwa,,,
51731,1,2-456,ndugu,,,
51742,1,2-458,pacha,,,
51743,1,2-46,babu,,,
51744,1,2-461,mzee,,,
51745,1,2-47,bibi,,,
51746,1,2-471,mzee,,,
51747,1,2-48,mjukuu,,,
51748,1,2-49,mjukuu,,,
51750,1,2-51,baba,,,
51751,1,2-51,mjomba,,,
51752,1,2-511,mjomba,,,
51754,1,2-512,"ami, amu",,,
51753,1,2-512,baba,,,
51755,1,2-52,mama,,,
51756,1,2-52,shangazi,,,
51757,1,2-521,mama,,,
51758,1,2-522,shangazi,,,
51760,1,2-53,mpwa,,,
51759,1,2-53,mwana,,,
51762,1,2-54,mpwa,,,
51761,1,2-54,mwana,,,
51766,1,2-55,binamu,,,
51767,1,2-55,mjomba,,,
51768,1,2-55,mpwa,,,
51765,1,2-55,ndugu,,,
51769,1,2-56,mababu,,,
51771,1,2-57,dhuria,,,
51770,1,2-57,mzawa,,,
51772,1,2-61,mkwe,,,
51773,1,2-611,mkwe,,,
51774,1,2-62,mkwe,,,
51775,1,2-621,mkwe,,,
51777,1,2-63,mkwe,,,
51778,1,2-631,mkwe,,,
51779,1,2-64,mkwe,,,
51780,1,2-641,mkwe,,,
51784,1,2-71,baba wa kambo,,,
51785,1,2-72,mama wa kambo,,,
51786,1,2-73,mwana wa kambo,,,
51787,1,2-74,mwana wa kambo,,,
51788,1,2-75,yatima,,,
51789,1,2-76,mjane,,,
51790,1,2-77,mjane,,,
51791,1,2-81,jamaa,,,
51792,1,2-81,ndugu,,,
51793,1,2-82,familia,,,
51794,1,2-82,jamaa,,,
51795,1,2-91,mimi,,,
51796,1,2-92,wewe,,,
51797,1,2-93,yeye,,,
51801,1,2-94,sisi,,,
51802,1,2-941,sisi,,,
51803,1,2-942,sisi,,,
51804,1,2-95,"nyinyi, ninyi",,,
51805,1,2-96,wao,,,
51806,1,3-11,mnyama,,,
51807,1,3-12,dume,,,
51808,1,3-12,kiume,,,
51809,1,3-13,jike,,,
51810,1,3-13,kike,,,
51811,1,3-15,mfugo,,,
51813,1,3-16,machungani,,,
51812,1,3-16,malishoni,,,
51814,1,3-18,mchungaji,,,
51815,1,3-19,zizi,,,
51816,1,3-2,ng’ombe,,,
51817,1,3-21,fahali,,,
51818,1,3-23,ng’ombe,,,
51819,1,3-24,ndama,,,
51820,1,3-25,kondoo,,,
51821,1,3-29,mwanakondoo,,,
51822,1,3-32,nguruwe (mwitu),,,
51823,1,3-35,nguruwe,,,
51824,1,3-36,mbuzi,,,
51825,1,3-37,beberu,,,
51826,1,3-38,mwanambuzi,,,
51827,1,3-41,farasi,,,
51828,1,3-45,mwanafarasi,,,
51829,1,3-46,punda,,,
51830,1,3-47,baghala,,,
51831,1,3-52,jogoo,,,
51832,1,3-54,kuku (jike),,,
51833,1,3-55,kuku,,,
51834,1,3-56,bata bukini,,,
51835,1,3-57,bata,,,
51836,1,3-58,"kiota, kioto",,,
51837,1,3-581,ndege,,,
51838,1,3-582,shakwe,,,
51839,1,3-583,"kulasitara, kulastara",,,
51840,1,3-583,yangeyange,,,
51841,1,3-584,kozi,,,
51842,1,3-585,mwewe,,,
51843,1,3-586,tai,,,
51844,1,3-586,"tumbusi, tumbuzi",,,
51845,1,3-591,popo,,,
51846,1,3-592,kasuku,,,
51847,1,3-593,kunguru,,,
51848,1,3-594,njiwa,,,
51849,1,3-596,bundi,,,
51851,1,3-61,mbwa,,,
51852,1,3-614,sungura,,,
51853,1,3-62,paka,,,
51854,1,3-63,panya,,,
51855,1,3-65,samaki,,,
51856,1,3-652,pezi,,,
51857,1,3-653,"gamba, mamba",,,
51858,1,3-653,mamba,,,
51859,1,3-654,matamvua (ya samaki),,,
51860,1,3-654,shavu (la samaki),,,
51862,1,3-655,kombe,,,
51861,1,3-655,konokono,,,
51863,1,3-661,papa,,,
51865,1,3-663,nyangumi,,,
51866,1,3-664,nyenga,,,
51867,1,3-664,taa (2),,,
51868,1,3-665,mkunga,,,
51869,1,3-72,simba,,,
51870,1,3-73,dubu,,,
51872,1,3-76,kima,,,
51874,1,3-76,ngedere,,,
51871,1,3-76,nyani,,,
51873,1,3-76,tumbili,,,
51875,1,3-77,ndovu,,,
51876,1,3-77,tembo,,,
51877,1,3-78,ngamia,,,
51878,1,3-81,mdudu,,,
51879,1,3-811,chawa,,,
51881,1,3-813,kiroboto,,,
51883,1,3-814,jongoo,,,
51882,1,3-814,tandu,,,
51884,1,3-815,nge,,,
51885,1,3-816,mende,,,
51886,1,3-817,chungu (4),,,
51887,1,3-817,siafu,,,
51888,1,3-817,sisimizi,,,
51889,1,3-817,sungusungu,,,
51890,1,3-818,buibui,,,
51891,1,3-819,utando (wa buibui),,,
51892,1,3-82,nyuki,,,
51893,1,3-821,nta,,,
51894,1,3-822,mzinga,,,
51895,1,3-823,nyigu,,,
51896,1,3-83,nzi,,,
51897,1,3-831,usubi,,,
51898,1,3-832,mbu,,,
51902,1,3-84,mnyoo,,,
51903,1,3-85,nyoka,,,
51913,1,3-91,kimulimuli,,,
51917,1,3-92,kipepeo,,,
51918,1,3-93,panzi,,,
51920,1,3-94,koa,,,
51919,1,3-94,konokono,,,
51921,1,3-95,chura,,,
51922,1,3-96,mjusi,,,
51923,1,3-97,mamba,,,
51924,1,3-98,kasa,,,
51925,1,3-98,ng’amba,,,
51926,1,4-11,mwili,,,
51927,1,4-12,ngozi,,,
51928,1,4-13,nyama,,,
51929,1,4-14,nywele,,,
51930,1,4-142,ndevu,,,
51931,1,4-144,malaika,,,
51932,1,4-145,mavuzi,,,
51933,1,4-146,mba,,,
51934,1,4-146,uyabisi,,,
51935,1,4-15,damu,,,
51936,1,4-151,mshipa,,,
51937,1,4-16,mfupa,,,
51938,1,4-162,ubavu,,,
51939,1,4-17,upembe,,,
51940,1,4-18,mkia,,,
51941,1,4-19,mgongo,,,
51942,1,4-191,uti (wa mgongo),,,
51943,1,4-2,kichwa,,,
51945,1,4-201,bapa la uso,,,
51944,1,4-201,panda (2) (la uso),,,
51947,1,4-202,bupuru (la kichwa),,,
51946,1,4-202,"fuvu, fuu (la kichwa)",,,
51948,1,4-203,"ubongo, bongo",,,
51949,1,4-204,uso,,,
51950,1,4-205,paji,,,
51951,1,4-207,taya (la chini),,,
51952,1,4-208,shavu,,,
51953,1,4-209,kidevu,,,
51954,1,4-21,jicho,,,
51955,1,4-212,nyusi,,,
51956,1,4-213,ukope,,,
51957,1,4-214,ukope,,,
51959,1,4-215,-kopesa (macho),,,
51958,1,4-215,-pepesa (macho),,,
51960,1,4-22,sikio,,,
51961,1,4-221,ndewe,,,
51962,1,4-222,nta ya sikio,,,
51963,1,4-222,uchafu wa sikio,,,
51964,1,4-23,pua,,,
51966,1,4-231,mwanzi wa pua,,,
51965,1,4-231,tundu la pua,,,
51967,1,4-232,kamasi,,,
51968,1,4-24,kinywa,,,
51969,1,4-24,mdomo,,,
51970,1,4-241,mdomo,,,
51971,1,4-25,mdomo,,,
51972,1,4-26,ulimi,,,
51973,1,4-27,jino,,,
51975,1,4-271,masine,,,
51974,1,4-271,ufizi,,,
51976,1,4-272,gego,,,
51977,1,4-28,shingo,,,
51978,1,4-281,kikosi,,,
51979,1,4-29,koo,,,
51980,1,4-3,bega,,,
51981,1,4-301,kombe (la mbega),,,
51982,1,4-302,mtulinga,,,
51983,1,4-31,mkono,,,
51984,1,4-312,kwapa,,,
51986,1,4-32,kiko (1),,,
51985,1,4-32,kisugudi,,,
51987,1,4-32,kivi,,,
51989,1,4-321,kilimbili,,,
51988,1,4-321,kiwiko (cha mkono),,,
51990,1,4-33,mkono,,,
51991,1,4-331,kiganja,,,
51992,1,4-34,kidole (cha mkono),,,
51993,1,4-342,(kidole) gumba,,,
51994,1,4-344,ukucha,,,
51995,1,4-345,ukucha,,,
51996,1,4-35,mguu,,,
51997,1,4-351,paja,,,
51998,1,4-352,shavu la mguu,,,
51999,1,4-36,goti,,,
52000,1,4-37,mguu,,,
52001,1,4-371,"kifundo cha mguu, fundo la mguu",,,
52002,1,4-371,kiwiko cha mguu,,,
52003,1,4-372,kisigino,,,
52004,1,4-374,wayo,,,
52005,1,4-38,kidole (cha mguu),,,
52006,1,4-392,bawa,,,
52007,1,4-393,unyoya,,,
52008,1,4-4,kifua,,,
52010,1,4-41,titi,,,
52009,1,4-41,ziwa (2),,,
52011,1,4-412,titi,,,
52012,1,4-42,viwele,,,
52013,1,4-43,kitovu,,,
52015,1,4-44,moyo,,,
52016,1,4-441,mapafu,,,
52017,1,4-45,maini,,,
52018,1,4-451,figo,,,
52019,1,4-452,wengu,,,
52020,1,4-46,tumbo,,,
52021,1,4-461,utumbo,,,
52022,1,4-462,kiuno,,,
52023,1,4-463,nyonga,,,
52024,1,4-464,tako,,,
52026,1,4-47,chupa ya uzazi,,,
52027,1,4-47,fuko la uzazi,,,
52028,1,4-49,kende,,,
52029,1,4-49,pumbu,,,
52031,1,4-492,dhakari,,,
52030,1,4-492,mboo,,,
52034,1,4-51,-pumua,,,
52035,1,4-52,miayo,,,
52036,1,4-521,kwikiwi,,,
52037,1,4-53,-kohoa,,,
52038,1,4-54,chafya,,,
52039,1,4-55,jasho,,,
52040,1,4-56,-tema (2) mate,,,
52041,1,4-57,-tapika,,,
52042,1,4-58,-uma,,,
52043,1,4-59,"-lamba, -ramba",,,
52044,1,4-591,udenda,,,
52045,1,4-61,-lala,,,
52046,1,4-612,-koroma,,,
52047,1,4-62,-ota (ndoto),,,
52048,1,4-63,-amka,,,
52050,1,4-64,-jamba,,,
52049,1,4-64,-shuta,,,
52051,1,4-65,-kojoa,,,
52052,1,4-66,-nya,,,
52054,1,4-67,-fanya mapenzi,,,
52053,1,4-67,-jamii,,,
52055,1,4-68,-tetema,,,
52056,1,4-69,-oga,,,
52057,1,4-71,-zaa,,,
52058,1,4-72,-zaliwa,,,
52059,1,4-73,mimba,,,
52060,1,4-73,mjamzito,,,
52062,1,4-732,-pata mimba,,,
52061,1,4-732,-tunga mimba,,,
52063,1,4-74,hai,,,
52065,1,4-75,-fa,,,
52067,1,4-751,-fa maji,,,
52068,1,4-76,-ua,,,
52069,1,4-77,maiti,,,
52071,1,4-78,-zika,,,
52072,1,4-79,kaburi,,,
52073,1,4-81,nguvu,,,
52074,1,4-82,dhaifu,,,
52075,1,4-82,mnyonge,,,
52076,1,4-83,afya,,,
52077,1,4-83,-zima (2),,,
52078,1,4-84,mgonjwa,,,
52079,1,4-841,homa,,,
52080,1,4-842,kororo (la shingo),,,
52081,1,4-843,mafua,,,
52084,1,4-85,kidonda,,,
52085,1,4-852,chubuko,,,
52086,1,4-853,uvimbe,,,
52087,1,4-854,mnyeo,,,
52088,1,4-854,mwasho,,,
52090,1,4-855,lengelenge,,,
52091,1,4-856,jipu,,,
52092,1,4-857,usaha,,,
52093,1,4-858,kovu,,,
52094,1,4-86,-ponya,,,
52096,1,4-87,daktari,,,
52095,1,4-87,mganga,,,
52097,1,4-88,dawa,,,
52098,1,4-88,tiba,,,
52099,1,4-89,sumu,,,
52100,1,4-91,-choka,,,
52101,1,4-912,-pumzika,,,
52102,1,4-92,-vivu,,,
52103,1,4-93,upara,,,
52104,1,4-94,kiwete,,,
52105,1,4-95,kiziwi,,,
52106,1,4-96,bubu,,,
52107,1,4-97,kipofu,,,
52108,1,4-98,-lewa,,,
52109,1,4-99,uchi,,,
52110,1,5-11,-la,,,
52111,1,5-12,chakula,,,
52112,1,5-121,-bivu,,,
52113,1,5-122,-bichi,,,
52114,1,5-123,-bivu,,,
52115,1,5-124,-bichi,,,
52116,1,5-125,-bovu,,,
52117,1,5-13,-nywa,,,
52118,1,5-14,njaa,,,
52119,1,5-141,njaa,,,
52120,1,5-15,kiu,,,
52121,1,5-16,-amwa,,,
52122,1,5-16,-nyonya,,,
52123,1,5-18,-tafuna,,,
52124,1,5-181,-meza,,,
52125,1,5-19,-kaba,,,
52127,1,5-19,-katia pumzi,,,
52126,1,5-19,-zuia pumzi,,,
52128,1,5-21,-pika,,,
52129,1,5-22,-chemka,,,
52131,1,5-23,-choma,,,
52130,1,5-23,-kaanga,,,
52132,1,5-24,-oka,,,
52134,1,5-25,kiokeo,,,
52133,1,5-25,oveni,,,
52135,1,5-26,chungu (1),,,
52136,1,5-26,sufuria,,,
52137,1,5-27,birika,,,
52138,1,5-28,kikaango,,,
52139,1,5-31,bakuli,,,
52140,1,5-32,sahani,,,
52141,1,5-33,tasa,,,
52142,1,5-34,gudulia,,,
52143,1,5-34,jagi,,,
52144,1,5-35,kikombe,,,
52145,1,5-36,kisahani,,,
52146,1,5-37,kijiko,,,
52147,1,5-38,kisu,,,
52148,1,5-39,uma,,,
52149,1,5-391,koleo,,,
52150,1,5-41,chakula,,,
52152,1,5-42,chakula cha asubuhi,,,
52151,1,5-42,"kiamshakinywa, chamshakinywa",,,
52153,1,5-43,chakula cha mchana,,,
52154,1,5-44,chakula cha jioni,,,
52155,1,5-45,chakula cha usiku,,,
52156,1,5-46,-menya,,,
52158,1,5-47,-chekecha,,,
52157,1,5-47,-chuja,,,
52160,1,5-48,"-kwangua, -kwangura",,,
52159,1,5-48,"-paa, -para",,,
52161,1,5-49,-changanya,,,
52162,1,5-49,-koroga,,,
52163,1,5-49,-vuruga,,,
52164,1,5-51,mkate,,,
52165,1,5-53,kinyunya,,,
52166,1,5-54,-kanda,,,
52167,1,5-55,unga,,,
52169,1,5-56,-ponda,,,
52168,1,5-56,-saga,,,
52170,1,5-56,-twanga,,,
52171,1,5-57,kinu,,,
52172,1,5-58,kinu,,,
52173,1,5-59,mchi,,,
52174,1,5-61,nyama,,,
52175,1,5-63,soseji,,,
52176,1,5-64,supu,,,
52177,1,5-65,mboga,,,
52178,1,5-66,haragwe,,,
52179,1,5-7,kiazi,,,
52180,1,5-7,mbatata,,,
52181,1,5-71,tunda,,,
52182,1,5-712,kicha,,,
52183,1,5-712,mkungu (wa ndizi),,,
52184,1,5-75,tini,,,
52185,1,5-76,zabibu,,,
52194,1,5-77,chikichi,,,
52188,1,5-77,karanga,,,
52187,1,5-77,korosho,,,
52192,1,5-77,kungu,,,
52191,1,5-77,kungu manga,,,
52186,1,5-77,lozi,,,
52189,1,5-77,njugu,,,
52190,1,5-77,njugu mawe,,,
52193,1,5-77,popoo,,,
52195,1,5-78,zeituni,,,
52196,1,5-79,mafuta,,,
52197,1,5-791,mafuta,,,
52198,1,5-81,chumvi,,,
52199,1,5-82,pilipili manga,,,
52200,1,5-821,pilipili,,,
52201,1,5-821,pilipili hoho,,,
52202,1,5-84,asali,,,
52203,1,5-85,sukari,,,
52204,1,5-86,maziwa,,,
52205,1,5-87,-kama,,,
52207,1,5-88,chizi,,,
52206,1,5-88,jibini,,,
52208,1,5-89,siagi,,,
52209,1,5-9,kinywaji,,,
52210,1,5-91,kangara,,,
52211,1,5-92,divai,,,
52212,1,5-92,mvinyo,,,
52214,1,5-93,bia,,,
52213,1,5-93,pombe,,,
52215,1,5-94,kileo,,,
52216,1,5-97,yai,,,
52217,1,5-971,kiini cha yai,,,
52218,1,6-11,-vaa,,,
52220,1,6-12,mavazi,,,
52219,1,6-12,nguo,,,
52221,1,6-13,mshonaji,,,
52223,1,6-21,kitambaa,,,
52222,1,6-21,nguo,,,
52224,1,6-22,sufu,,,
52225,1,6-22,unyoya,,,
52226,1,6-23,kitani,,,
52227,1,6-24,pamba,,,
52228,1,6-25,hariri,,,
52229,1,6-27,kitambaa gandamizo,,,
52230,1,6-28,unyoya,,,
52231,1,6-29,ngozi,,,
52232,1,6-31,-sokota nyuzi,,,
52233,1,6-32,pia,,,
52234,1,6-33,-fuma,,,
52235,1,6-34,kitanda cha mfumi,,,
52236,1,6-35,-shona,,,
52237,1,6-36,sindano,,,
52238,1,6-37,maharazi,,,
52239,1,6-38,uzi,,,
52240,1,6-39,-tia rangi,,,
52241,1,6-41,joho,,,
52315,1,7-37,ngazi,,,
52242,1,6-42,gauni,,,
52243,1,6-42,kanzu,,,
52244,1,6-43,koti,,,
52246,1,6-44,kimau,,,
52245,1,6-44,shati,,,
52248,1,6-45,kola,,,
52247,1,6-45,ukosi,,,
52249,1,6-46,sketi,,,
52250,1,6-48,suruali,,,
52251,1,6-49,soksi,,,
52252,1,6-51,kiatu,,,
52253,1,6-52,buti,,,
52254,1,6-54,mshona viatu,,,
52256,1,6-55,chepeo,,,
52255,1,6-55,kofia,,,
52257,1,6-57,"mkanda, ukanda",,,
52258,1,6-58,"glavu, glovu",,,
52261,1,6-59,barakoa,,,
52263,1,6-59,buibui,,,
52259,1,6-59,shela,,,
52260,1,6-59,"sitara, stara",,,
52262,1,6-59,ukaya,,,
52264,1,6-61,mfuko,,,
52265,1,6-62,kifungo,,,
52266,1,6-63,pini,,,
52267,1,6-71,pambo,,,
52268,1,6-71,urembo,,,
52269,1,6-72,kito,,,
52270,1,6-73,pete,,,
52271,1,6-74,"bangili, bangiri",,,
52272,1,6-75,mkufu,,,
52273,1,6-76,ushanga,,,
52274,1,6-77,"hereni, herini",,,
52275,1,6-77,kipuli,,,
52277,1,6-78,dusumali,,,
52276,1,6-78,kilemba,,,
52278,1,6-79,chale,,,
52279,1,6-79,chanjo,,,
52280,1,6-81,leso,,,
52281,1,6-82,taulo,,,
52283,1,6-91,chanuo,,,
52282,1,6-91,kitana,,,
52284,1,6-92,"burashi, brashi",,,
52286,1,6-921,msongo,,,
52285,1,6-921,msuko,,,
52287,1,6-93,wembe,,,
52288,1,6-94,dawa ya kupaka,,,
52289,1,6-95,sabuni,,,
52290,1,6-96,kioo,,,
52294,1,7-11,-ishi,,,
52293,1,7-11,-kaa,,,
52295,1,7-12,nyumba,,,
52296,1,7-13,kibanda,,,
52297,1,7-14,hema,,,
52298,1,7-15,ua (1),,,
52299,1,7-17,jiko,,,
52300,1,7-21,chumba,,,
52301,1,7-22,mlango,,,
52302,1,7-221,mhimili (wa mlango),,,
52303,1,7-221,mwimo,,,
52304,1,7-23,kitasa,,,
52305,1,7-231,komeo,,,
52307,1,7-24,ufunguo,,,
52308,1,7-25,dirisha,,,
52309,1,7-26,sakafu,,,
52310,1,7-27,ukuta,,,
52311,1,7-31,jiko,,,
52312,1,7-32,jiko,,,
52313,1,7-32,stovu,,,
52314,1,7-33,dohani,,,
52316,1,7-42,kitanda,,,
52317,1,7-421,mto (2),,,
52318,1,7-422,"blangeti, blanketi",,,
52319,1,7-43,kiti,,,
52320,1,7-44,meza,,,
52321,1,7-45,taa (1),,,
52322,1,7-46,mshumaa,,,
52323,1,7-47,rafu,,,
52324,1,7-48,hori,,,
52325,1,7-51,paa,,,
52326,1,7-52,maezeko,,,
52327,1,7-53,mwamba (2),,,
52329,1,7-54,kombamoyo,,,
52328,1,7-54,"pau, pao",,,
52330,1,7-55,boriti,,,
52332,1,7-56,mhimili,,,
52333,1,7-56,mwimo,,,
52331,1,7-56,nguzo,,,
52334,1,7-57,ubao,,,
52335,1,7-58,tao,,,
52336,1,7-61,mwashi,,,
52337,1,7-62,tofali,,,
52339,1,7-63,chokaa,,,
52338,1,7-63,mota (2),,,
52343,1,8-11,mkulima,,,
52344,1,8-12,shamba,,,
52345,1,8-13,bustani,,,
52346,1,8-15,-lima,,,
52347,1,8-16,ua (1),,,
52348,1,8-17,mfereji,,,
52349,1,8-21,plau,,,
52350,1,8-212,mfuo,,,
52351,1,8-22,-chimba,,,
52353,1,8-23,beleshi,,,
52352,1,8-23,"sepetu, sepeto",,,
52355,1,8-24,beleshi,,,
52354,1,8-24,koleo,,,
52357,1,8-24,"sepetu, sepeto",,,
52356,1,8-24,shepe,,,
52358,1,8-25,jembe,,,
52359,1,8-26,uma,,,
52360,1,8-27,reki,,,
52362,1,8-31,-panda (1),,,
52361,1,8-31,-sia,,,
52363,1,8-311,mbegu,,,
52364,1,8-32,-fyeka,,,
52365,1,8-33,mundu,,,
52366,1,8-34,-puta,,,
52367,1,8-35,uga (wa kupuria nafaka),,,
52368,1,8-41,mavuno,,,
52369,1,8-42,nafaka,,,
52370,1,8-43,ngano,,,
52371,1,8-44,shayiri,,,
52372,1,8-47,mahindi,,,
52373,1,8-47,muhindi,,,
52375,1,8-48,mchele,,,
52376,1,8-48,mpunga,,,
52374,1,8-48,wali,,,
52377,1,8-51,jani,,,
52378,1,8-51,nyasi,,,
52379,1,8-53,mmea,,,
52380,1,8-531,-panda (1),,,
52381,1,8-54,mzizi,,,
52382,1,8-55,tawi,,,
52383,1,8-56,jani,,,
52384,1,8-57,ua (2),,,
52385,1,8-6,mti,,,
52386,1,8-61,muoki,,,
52387,1,8-63,mbetula,,,
52388,1,8-64,msonobari,,,
52389,1,8-65,msonobari,,,
52390,1,8-67,mzabibu,,,
52391,1,8-68,tumbaku,,,
52392,1,8-69,-vuta (sigara),,,
52393,1,8-691,kiko (2),,,
52394,1,8-72,kisiki,,,
52395,1,8-73,shina,,,
52396,1,8-74,panda (1),,,
52397,1,8-75,gome,,,
52398,1,8-76,utomvu,,,
52401,1,8-81,mchikichi,,,
52399,1,8-81,mnazi,,,
52400,1,8-81,mtende,,,
52402,1,8-81,muwaa,,,
52403,1,8-81,mwale,,,
52405,1,8-82,dafu,,,
52404,1,8-82,nazi,,,
52410,1,8-83,balungi,,,
52409,1,8-83,chenza,,,
52406,1,8-83,chungwa,,,
52407,1,8-83,limau,,,
52408,1,8-83,ndimu,,,
52411,1,8-84,ndizi,,,
52412,1,8-85,mlandawa,,,
52413,1,8-91,kiazi,,,
52414,1,8-91,kiazi kitamu,,,
52419,1,8-912,kiazi kikuu,,,
52420,1,8-92,muhogo,,,
52422,1,8-93,bodwe,,,
52423,1,8-93,kibuyu,,,
52424,1,8-93,mboko,,,
52421,1,8-93,"mung’unye, mumunya",,,
52425,1,8-931,boga,,,
52426,1,8-94,mwanzi,,,
52427,1,8-941,muwa,,,
52428,1,8-96,utupa,,,
52429,1,8-98,uyoga,,,
52432,1,9-11,-fanya,,,
52433,1,9-11,-tenda,,,
52436,1,9-12,kazi,,,
52437,1,9-14,-pinda,,,
52438,1,9-15,-kunja,,,
52439,1,9-16,-funga,,,
52440,1,9-161,-fungua,,,
52442,1,9-18,mkufu,,,
52441,1,9-18,mnyororo,,,
52443,1,9-19,kamba (2),,,
52444,1,9-192,fundo,,,
52445,1,9-21,-piga,,,
52446,1,9-211,-gongagonga,,,
52447,1,9-22,-kata,,,
52448,1,9-221,-kata,,,
52450,1,9-222,"-chanja, -changa",,,
52449,1,9-222,-tema (1) kuni,,,
52451,1,9-223,-choma,,,
52452,1,9-23,kisu,,,
52453,1,9-24,"mkasi, makasi",,,
52454,1,9-25,shoka,,,
52455,1,9-251,tezo,,,
52456,1,9-26,-vunja,,,
52457,1,9-261,-vunjika,,,
52458,1,9-27,-pasua,,,
52459,1,9-28,-chana,,,
52461,1,9-28,-pasua,,,
52460,1,9-28,-rarua,,,
52529,1,9-83,sanamu,,,
52462,1,9-29,-chuna,,,
52464,1,9-31,-chua,,,
52463,1,9-31,-fikicha,,,
52467,1,9-32,-tanua,,,
52468,1,9-33,-vuta,,,
52469,1,9-34,"-tanda, -tandika, -tandaza",,,
52470,1,9-341,-angika,,,
52471,1,9-342,-gandamiza,,,
52472,1,9-343,-kama,,,
52473,1,9-343,-minya,,,
52474,1,9-343,-songa,,,
52475,1,9-35,-mimina,,,
52476,1,9-35,-mwaga,,,
52480,1,9-36,-fua,,,
52477,1,9-36,-nawa,,,
52478,1,9-36,-oga,,,
52479,1,9-36,-osha,,,
52481,1,9-37,-fagia,,,
52482,1,9-38,ufagio,,,
52484,1,9-422,ala,,,
52485,1,9-422,chombo,,,
52483,1,9-422,kifaa,,,
52486,1,9-422,zana,,,
52487,1,9-43,seremala,,,
52488,1,9-44,-jenga,,,
52489,1,9-46,-pekecha,,,
52490,1,9-46,-toboa,,,
52492,1,9-461,-fukua,,,
52491,1,9-461,-komba,,,
52493,1,9-48,msumeno,,,
52494,1,9-49,nyundo,,,
52495,1,9-5,msumari,,,
52497,1,9-56,gamu,,,
52498,1,9-56,gluu,,,
52496,1,9-56,gundi,,,
52500,1,9-56,sherisi,,,
52499,1,9-56,ulimbo,,,
52501,1,9-6,mhunzi (wa chuma),,,
52502,1,9-61,-fua,,,
52503,1,9-62,fuawe,,,
52505,1,9-63,-kalibu,,,
52504,1,9-63,-subu,,,
52506,1,9-64,dhahabu,,,
52507,1,9-65,fedha,,,
52508,1,9-66,shaba,,,
52509,1,9-67,chuma,,,
52510,1,9-68,risasi,,,
52511,1,9-69,bati,,,
52512,1,9-71,mfinyanzi,,,
52513,1,9-72,-finyanga,,,
52514,1,9-72,-umba,,,
52515,1,9-73,udongo (wa mfinyanzi),,,
52516,1,9-74,kioo,,,
52517,1,9-75,-fuma,,,
52518,1,9-75,-suka,,,
52519,1,9-76,kikapu,,,
52521,1,9-77,jamvi,,,
52520,1,9-77,mkeka,,,
52522,1,9-771,zulia,,,
52524,1,9-79,feni,,,
52523,1,9-79,kipepeo,,,
52525,1,9-791,-pepea,,,
52526,1,9-81,-chonga,,,
52527,1,9-81,"-nakshi, -nakishi",,,
52528,1,9-82,mchongaji (wa sanamu),,,
52531,1,9-84,chembeo,,,
52530,1,9-84,patasi,,,
52533,1,9-88,rangi,,,
52534,1,9-89,-tia rangi,,,
52539,1,10-11,-sogeza,,,
52540,1,10-12,-geuza,,,
52541,1,10-12,-pindua,,,
52542,1,10-13,-geuka,,,
52543,1,10-13,-pinduka,,,
52544,1,10-14,-viringisha,,,
52545,1,10-15,-bingirisha,,,
52546,1,10-16,-angusha,,,
52547,1,10-17,-sokota,,,
52548,1,10-17,-songa,,,
52551,1,10-21,-amka,,,
52552,1,10-21,-chomoza,,,
52549,1,10-21,-inuka,,,
52550,1,10-21,-toka,,,
52553,1,10-22,-inua,,,
52554,1,10-23,-anguka,,,
52556,1,10-24,-dondoka,,,
52555,1,10-24,-tona,,,
52557,1,10-25,-rusha,,,
52558,1,10-25,-tupa,,,
52559,1,10-252,-kamata,,,
52560,1,10-26,-tikisa,,,
52561,1,10-26,-tingisha,,,
52562,1,10-32,-tiririka,,,
52563,1,10-33,-zama,,,
52564,1,10-34,-elea,,,
52565,1,10-35,-ogelea,,,
52566,1,10-351,mbizi,,,
52567,1,10-352,-rushia (maji),,,
52568,1,10-36,-endesha kwa tanga,,,
52569,1,10-37,-ruka,,,
52571,1,10-38,-puliza,,,
52570,1,10-38,-vuma,,,
52572,1,10-41,-tambaa,,,
52573,1,10-412,-piga magoti,,,
52576,1,10-413,-chuchumaa,,,
52574,1,10-413,-chutama,,,
52575,1,10-413,-kunyata,,,
52578,1,10-42,-serereka,,,
52577,1,10-42,-teleza,,,
52580,1,10-43,-chupa,,,
52579,1,10-43,-ruka,,,
52581,1,10-431,teke,,,
52582,1,10-44,-cheza ngoma,,,
52583,1,10-44,dansi,,,
52584,1,10-45,-enda kwa miguu,,,
52585,1,10-45,-tembea,,,
52586,1,10-451,-chechemea,,,
52587,1,10-451,chopi,,,
52588,1,10-46,-kimbia,,,
52589,1,10-46,mbio,,,
52590,1,10-47,-enda,,,
52592,1,10-471,-enda juu,,,
52591,1,10-471,-panda (2),,,
52594,1,10-472,-kwea,,,
52593,1,10-472,-panda (2),,,
52597,1,10-473,-enda chini,,,
52595,1,10-473,-shuka,,,
52596,1,10-473,-teremka,,,
52598,1,10-474,-toka,,,
52599,1,10-48,-ja,,,
52601,1,10-481,-rejea,,,
52600,1,10-481,-rudi,,,
52602,1,10-49,-ondoka,,,
52604,1,10-491,-tokomea,,,
52603,1,10-491,-toweka,,,
52605,1,10-51,-kimbia,,,
52606,1,10-51,-toroka,,,
52607,1,10-52,-fuata,,,
52608,1,10-53,-fuatilia,,,
52609,1,10-55,-fika,,,
52610,1,10-56,-karibia,,,
52611,1,10-56,-sogelea,,,
52612,1,10-57,-ingia,,,
52613,1,10-61,-beba,,,
52614,1,10-61,-chukua,,,
52615,1,10-61,-eleka,,,
52616,1,10-62,-leta,,,
52617,1,10-63,-tuma,,,
52618,1,10-64,-ongoza,,,
52619,1,10-65,-endesha,,,
52620,1,10-65,-swaga,,,
52621,1,10-66,-panda (2),,,
52622,1,10-67,-sukuma,,,
52623,1,10-71,barabara (1),,,
52624,1,10-71,njia,,,
52625,1,10-72,njia,,,
52626,1,10-74,daraja,,,
52627,1,10-75,gari,,,
52628,1,10-76,gurudumu,,,
52629,1,10-77,ekseli,,,
52631,1,10-78,kongwa,,,
52630,1,10-78,nira,,,
52635,1,10-81,chombo,,,
52636,1,10-81,jahazi,,,
52633,1,10-81,meli,,,
52634,1,10-81,merikebu,,,
52637,1,10-83,mashua,,,
52638,1,10-831,mtumbwi,,,
52639,1,10-831,ngalawa,,,
52640,1,10-832,"matengo, matengu",,,
52641,1,10-832,"rengo, rengu, mrengo, mrengu",,,
52643,1,10-832,tendegu,,,
52642,1,10-832,ubao,,,
52644,1,10-84,chelezo,,,
52645,1,10-85,kasia,,,
52646,1,10-851,kafi,,,
52647,1,10-852,-piga makasia,,,
52648,1,10-852,-vuta makasia,,,
52649,1,10-86,usukani,,,
52650,1,10-87,mlingoti,,,
52651,1,10-88,tanga,,,
52652,1,10-89,nanga,,,
52653,1,10-91,bandari,,,
52654,1,10-92,-fika pwani,,,
52657,1,10-92,-teremka,,,
52655,1,10-92,-tia nanga,,,
52656,1,10-92,-tua,,,
52658,1,11-11,-wa na …,,,
52659,1,11-12,-miliki,,,
52661,1,11-13,-chukua,,,
52660,1,11-13,-twaa,,,
52662,1,11-14,-fumbata,,,
52663,1,11-14,-shika,,,
52664,1,11-15,-shika,,,
52665,1,11-16,-pata,,,
52667,1,11-17,-hifadhi,,,
52666,1,11-17,-kaa na …,,,
52668,1,11-18,kitu,,,
52669,1,11-21,-pa,,,
52670,1,11-21,-toa,,,
52671,1,11-22,-rudisha,,,
52672,1,11-24,-hifadhi,,,
52673,1,11-25,-okoa,,,
52674,1,11-27,-haribu,,,
52676,1,11-28,-jeruhi,,,
52675,1,11-28,-umiza,,,
52679,1,11-31,-tafuta,,,
52680,1,11-32,-ona,,,
52681,1,11-32,-pata,,,
52682,1,11-33,-poteza,,,
52683,1,11-34,-acha,,,
52684,1,11-43,fedha,,,
52685,1,11-43,pesa,,,
52686,1,11-44,sarafu,,,
52687,1,11-51,tajiri,,,
52688,1,11-52,maskini,,,
52689,1,11-53,mwombaji,,,
52691,1,11-54,bahili,,,
52690,1,11-54,choyo,,,
52692,1,11-61,-kopesha,,,
52693,1,11-62,-kopa,,,
52694,1,11-63,-dai,,,
52695,1,11-63,-wia,,,
52696,1,11-64,deni,,,
52697,1,11-65,-lipa,,,
52698,1,11-66,bili,,,
52699,1,11-69,kodi,,,
52700,1,11-69,ushuru,,,
52701,1,11-77,-ajiri,,,
52702,1,11-77,-kodi,,,
52703,1,11-78,mshahara,,,
52704,1,11-79,"-chuma (mshahara, fedha)",,,
52705,1,11-81,-nunua,,,
52706,1,11-82,-uza,,,
52707,1,11-83,biashara,,,
52708,1,11-84,mfanyabiashara,,,
52709,1,11-84,mwenye duka,,,
52710,1,11-85,soko,,,
52711,1,11-86,duka,,,
52712,1,11-87,bei,,,
52713,1,11-88,ghali,,,
52714,1,11-89,rahisi,,,
52715,1,11-91,-gawanya,,,
52717,1,11-92,uzani,,,
52716,1,11-92,uzito,,,
52718,1,12-01,baada,,,
52719,1,12-011,nyuma,,,
52723,1,12-02,kando,,,
52724,1,12-03,chini,,,
52725,1,12-04,kabla,,,
52726,1,12-041,mbele,,,
52727,1,12-05,ndani,,,
52728,1,12-06,nje,,,
52729,1,12-07,chini,,,
52730,1,12-08,juu,,,
52732,1,12-11,mahali,,,
52734,1,12-12,-tia,,,
52733,1,12-12,-weka,,,
52735,1,12-13,-kaa,,,
52736,1,12-14,-lala,,,
52738,1,12-15,-ima,,,
52737,1,12-15,-simama,,,
52740,1,12-16,-baki,,,
52739,1,12-16,-kaa,,,
52741,1,12-16,-salia,,,
52744,1,12-17,kombo,,,
52742,1,12-17,mabaki,,,
52743,1,12-17,masalio,,,
52746,1,12-21,-chuma,,,
52745,1,12-21,-kusanya,,,
52747,1,12-212,-inua,,,
52748,1,12-213,"-lundika, -rundika",,,
52749,1,12-22,-unga,,,
52750,1,12-23,-tenga,,,
52751,1,12-232,-gawanya,,,
52752,1,12-24,-fungua,,,
52754,1,12-25,-fumba,,,
52753,1,12-25,-funga,,,
52755,1,12-26,-funika,,,
52756,1,12-27,-ficha,,,
52757,1,12-31,juu,,,
52758,1,12-31,-refu,,,
52759,1,12-32,chini chini,,,
52760,1,12-32,-fupi,,,
52761,1,12-33,kilele,,,
52762,1,12-34,chini,,,
52763,1,12-35,mwisho,,,
52765,1,12-352,-chongoka,,,
52764,1,12-352,ncha,,,
52766,1,12-353,ukingo,,,
52767,1,12-36,upande,,,
52768,1,12-37,kati,,,
52769,1,12-41,kulia (2),,,
52770,1,12-42,kushoto,,,
52771,1,12-43,karibu,,,
52772,1,12-44,mbali,,,
52773,1,12-45,mashariki,,,
52774,1,12-46,magharibi,,,
52775,1,12-47,kaskazini,,,
52776,1,12-48,kusini,,,
52777,1,12-53,-kua,,,
52778,1,12-54,-pima,,,
52779,1,12-55,-kubwa,,,
52780,1,12-56,-dogo,,,
52781,1,12-57,-refu,,,
52782,1,12-58,-refu,,,
52783,1,12-59,-fupi,,,
52784,1,12-61,-pana,,,
52785,1,12-62,-embamba,,,
52786,1,12-63,-nene,,,
52787,1,12-65,-embamba,,,
52788,1,12-67,kina,,,
52789,1,12-67,maji mbizi,,,
52790,1,12-67,-refu,,,
52793,1,12-68,-fupi,,,
52792,1,12-68,kina kifupi,,,
52791,1,12-68,maji maanga,,,
52794,1,12-71,bapa,,,
52795,1,12-73,-nyooka,,,
52796,1,12-74,-pindika,,,
52798,1,12-75,kiopoo,,,
52797,1,12-75,kulabu,,,
52800,1,12-76,kona,,,
52799,1,12-76,pembe,,,
52801,1,12-77,msalaba,,,
52802,1,12-78,mraba,,,
52803,1,12-81,duara,,,
52804,1,12-81,mviringo,,,
52806,1,12-82,duara,,,
52805,1,12-82,mviringo,,,
52807,1,12-83,tufe,,,
52808,1,12-84,mstari,,,
52810,1,12-85,shimo,,,
52809,1,12-85,tundu,,,
52811,1,12-92,-fanana,,,
52812,1,12-93,-badilisha,,,
52813,1,13,sifuri,,,
52814,1,13-01,-moja,,,
52815,1,13-02,-wili,,,
52816,1,13-03,-tatu,,,
52817,1,13-04,-ne,,,
52818,1,13-05,-tano,,,
52819,1,13-06,sita,,,
52820,1,13-07,saba,,,
52821,1,13-08,-nane,,,
52822,1,13-09,tisa,,,
52823,1,13-1,kumi,,,
52824,1,13-101,kumi na moja,,,
52825,1,13-102,kumi na mbili,,,
52826,1,13-103,kumi na tano,,,
52827,1,13-104,ishirini,,,
52828,1,13-105,mia,,,
52829,1,13-106,elfu,,,
52830,1,13-107,-hesabu,,,
52831,1,13-14,-ote,,,
52832,1,13-15,-ingi,,,
52833,1,13-16,zaidi,,,
52834,1,13-17,-chache,,,
52835,1,13-18,-tosha,,,
52837,1,13-19,chungu (3) (nzima),,,
52836,1,13-19,umati,,,
52838,1,13-21,-jaa,,,
52839,1,13-22,-tupu,,,
52840,1,13-23,sehemu,,,
52842,1,13-24,nusu,,,
52843,1,13-33,pekee,,,
52845,1,13-34,kwanza,,,
52846,1,13-35,mwisho,,,
52847,1,13-36,pili,,,
52848,1,13-37,jozi,,,
52849,1,13-38,mara mbili,,,
52850,1,13-42,tatu,,,
52851,1,13-44,mara tatu,,,
52853,1,14-11,muda,,,
52852,1,14-11,wakati,,,
52854,1,14-12,umri,,,
52855,1,14-13,-pya,,,
52856,1,14-14,kijana,,,
52857,1,14-15,mzee,,,
52858,1,14-16,mapema,,,
52859,1,14-17,-chelewa,,,
52860,1,14-18,sasa,,,
52861,1,14-19,mara moja,,,
52862,1,14-19,sasa hivi,,,
52863,1,14-21,upesi,,,
52864,1,14-22,polepole,,,
52865,1,14-23,haraka,,,
52866,1,14-24,-chelewa,,,
52867,1,14-25,-anza,,,
52870,1,14-252,-dumu,,,
52869,1,14-252,-endelea,,,
52871,1,14-26,mwisho,,,
52872,1,14-27,-isha,,,
52873,1,14-27,-maliza,,,
52875,1,14-28,-acha,,,
52874,1,14-28,-koma,,,
52876,1,14-29,tayari,,,
52877,1,14-31,kila mara,,,
52878,1,14-31,siku zote,,,
52880,1,14-32,mara kwa mara,,,
52879,1,14-32,mara nyingi,,,
52882,1,14-33,mara nyingine,,,
52881,1,14-33,pengine,,,
52883,1,14-331,karibu,,,
52884,1,14-332,muda mrefu,,,
52885,1,14-34,abadani,,,
52886,1,14-34,kamwe,,,
52887,1,14-35,tena,,,
52888,1,14-41,mchana,,,
52890,1,14-42,usiku,,,
52892,1,14-43,alfajiri,,,
52894,1,14-43,macheo,,,
52891,1,14-43,mapambazuko,,,
52893,1,14-43,"mawio, maawio",,,
52895,1,14-43,weupe wa alfajiri,,,
52896,1,14-44,asubuhi,,,
52897,1,14-45,adhuhuri,,,
52898,1,14-45,jua kati,,,
52899,1,14-451,alasiri,,,
52900,1,14-46,jioni,,,
52901,1,14-47,leo,,,
52902,1,14-48,kesho,,,
52903,1,14-481,kesho kutwa,,,
52904,1,14-49,jana,,,
52905,1,14-491,juzi,,,
52906,1,14-51,saa,,,
52907,1,14-53,saa,,,
52908,1,14-61,juma,,,
52909,1,14-61,wiki,,,
52910,1,14-62,Jumapili,,,
52911,1,14-63,Jumatatu,,,
52912,1,14-64,Jumanne,,,
52913,1,14-65,Jumatano,,,
52914,1,14-66,Alhamisi,,,
52915,1,14-67,Ijumaa,,,
52916,1,14-68,Jumamosi,,,
52917,1,14-71,mwezi,,,
52918,1,14-73,mwaka,,,
52919,1,14-74,majira ya baridi,,,
52920,1,14-75,majira ya kuchipua,,,
52921,1,14-76,majira ya joto,,,
52922,1,14-77,majira ya kupukutika kwa majani,,,
52923,1,14-78,majira,,,
52925,1,15-21,-nuka,,,
52924,1,15-21,-nukia,,,
52984,1,15-89,-kunjakunja,,,
52985,1,15-89,kunyanzi,,,
52926,1,15-212,"-nusa, -nusanusa",,,
52928,1,15-22,harufu,,,
52927,1,15-22,-nusa,,,
52930,1,15-25,harufu nzuri,,,
52931,1,15-25,manukato,,,
52929,1,15-25,-nukia,,,
52932,1,15-26,-nuka,,,
52934,1,15-31,-chapukia,,,
52933,1,15-31,ladha,,,
52935,1,15-35,-tamu,,,
52936,1,15-36,chumvi,,,
52937,1,15-37,-chungu (2),,,
52938,1,15-38,-chungu (2),,,
52939,1,15-41,-sikia,,,
52940,1,15-42,-sikiliza,,,
52942,1,15-44,mlio,,,
52941,1,15-44,sauti,,,
52944,1,15-45,"kelele, ukelele",,,
52943,1,15-45,sauti kubwa,,,
52945,1,15-46,kimya,,,
52946,1,15-51,-ona,,,
52947,1,15-52,-tazama,,,
52948,1,15-55,-onyesha,,,
52949,1,15-56,-ng’aa,,,
52950,1,15-57,-ng’aa,,,
52951,1,15-61,rangi,,,
52953,1,15-62,-iva,,,
52952,1,15-62,mwanga,,,
52954,1,15-63,"giza, kiza",,,
52955,1,15-64,-eupe,,,
52956,1,15-65,-eusi,,,
52957,1,15-66,-ekundu,,,
52958,1,15-67,"buluu, bluu",,,
52959,1,15-68,kijani,,,
52960,1,15-69,manjano,,,
52961,1,15-71,-gusa,,,
52962,1,15-712,-finya,,,
52963,1,15-72,-papasa,,,
52964,1,15-74,-gumu,,,
52965,1,15-75,-ororo,,,
52966,1,15-76,-kwaruza,,,
52967,1,15-77,laini,,,
52968,1,15-78,-kali,,,
52969,1,15-79,butu,,,
52970,1,15-81,-zito,,,
52971,1,15-82,-epesi,,,
52973,1,15-83,chepechepe,,,
52972,1,15-83,-lowana,,,
52974,1,15-83,majimaji,,,
52976,1,15-84,-kauka,,,
52975,1,15-84,-kavu,,,
52977,1,15-85,joto,,,
52978,1,15-85,moto,,,
52979,1,15-851,joto,,,
52980,1,15-851,moto,,,
52981,1,15-86,baridi,,,
52982,1,15-87,safi,,,
52983,1,15-88,-chafu,,,
52986,1,16-11,roho,,,
52987,1,16-15,-shangaa,,,
52988,1,16-18,bahati (njema),,,
52989,1,16-19,bahati mbaya,,,
52990,1,16-23,-furahi,,,
52991,1,16-25,-cheka,,,
52992,1,16-251,-tabasamu,,,
52993,1,16-26,-cheza,,,
52994,1,16-27,-penda,,,
52995,1,16-29,-busu,,,
52996,1,16-29,-kisi (1),,,
52997,1,16-3,-kumbata,,,
52998,1,16-31,maumivu,,,
52999,1,16-32,huzuni,,,
53000,1,16-33,wasiwasi,,,
53001,1,16-34,-juta,,,
53002,1,16-35,huruma,,,
53003,1,16-37,-lia (1),,,
53004,1,16-38,chozi,,,
53006,1,16-39,-gumia,,,
53005,1,16-39,kite,,,
53007,1,16-41,-chukia,,,
53009,1,16-42,hasira,,,
53008,1,16-42,-kasirika,,,
53011,1,16-44,"husuda, hasada, uhasidi",,,
53012,1,16-44,kijicho,,,
53010,1,16-44,wivu,,,
53013,1,16-45,aibu,,,
53016,1,16-48,fahari,,,
53014,1,16-48,-jivuna,,,
53015,1,16-48,majivuno,,,
53017,1,16-51,-thubutu,,,
53018,1,16-52,"jasiri, -jasiri",,,
53019,1,16-52,-piga moyo konde,,,
53020,1,16-52,shujaa,,,
53022,1,16-53,hofu,,,
53021,1,16-53,woga,,,
53023,1,16-54,hatari,,,
53024,1,16-62,-taka,,,
53025,1,16-622,-chagua,,,
53026,1,16-63,"-tumaini, -tumai",,,
53027,1,16-65,-aminifu,,,
53028,1,16-66,kweli,,,
53029,1,16-67,uwongo,,,
53030,1,16-68,-danganya,,,
53031,1,16-69,-samehe,,,
53032,1,16-71,-ema,,,
53034,1,16-72,-baya,,,
53033,1,16-72,-ovu,,,
53036,1,16-73,barabara (2),,,
53035,1,16-73,sahihi,,,
53037,1,16-73,sawa,,,
53038,1,16-74,kosa,,,
53039,1,16-76,kosa,,,
53040,1,16-77,kosa,,,
53041,1,16-78,lawama,,,
53042,1,16-79,sifa,,,
53043,1,16-81,-zuri,,,
53044,1,16-82,-baya,,,
53045,1,16-83,uroho,,,
53046,1,16-84,-erevu,,,
53049,1,16-84,hodari,,,
53048,1,16-84,mjanja,,,
53050,1,16-84,mjuzi,,,
53047,1,16-84,stadi,,,
53051,1,17-11,akili,,,
53052,1,17-11,mawazo,,,
53053,1,17-13,-fikiri,,,
53054,1,17-13,-waza,,,
53055,1,17-14,-dhani,,,
53056,1,17-14,-fikiri,,,
53057,1,17-15,-amini,,,
53058,1,17-16,-fahamu,,,
53059,1,17-17,-jua,,,
53060,1,17-171,-kisi (2),,,
53061,1,17-172,-iga,,,
53062,1,17-18,-onekana,,,
53063,1,17-19,dhana,,,
53064,1,17-19,wazo,,,
53066,1,17-21,busara,,,
53065,1,17-21,hekima,,,
53068,1,17-22,mjinga,,,
53067,1,17-22,-pumbavu,,,
53070,1,17-23,kichaa,,,
53069,1,17-23,mwenye wazimu,,,
53071,1,17-23,-rukwa na akili,,,
53072,1,17-24,-jifunza,,,
53073,1,17-242,-soma,,,
53074,1,17-25,-fundisha,,,
53075,1,17-26,mwanafunzi,,,
53076,1,17-27,mwalimu,,,
53077,1,17-28,shule,,,
53078,1,17-28,skuli,,,
53079,1,17-31,-kumbuka,,,
53080,1,17-32,-sahau,,,
53083,1,17-34,dhahiri,,,
53082,1,17-34,-elea,,,
53081,1,17-34,wazi,,,
53084,1,17-36,siri,,,
53085,1,17-37,hakika,,,
53086,1,17-38,-eleza,,,
53089,1,17-41,dhamira,,,
53088,1,17-41,kusudi,,,
53087,1,17-41,nia,,,
53090,1,17-42,sababu,,,
53091,1,17-43,shaka,,,
53092,1,17-44,-shuku,,,
53093,1,17-44,-tilia shaka,,,
53094,1,17-44,-tuhumu,,,
53097,1,17-441,-fichua siri,,,
53095,1,17-441,-haini,,,
53096,1,17-441,-saliti,,,
53098,1,17-45,lazima,,,
53099,1,17-46,rahisi,,,
53100,1,17-47,-gumu,,,
53101,1,17-48,-jaribu,,,
53102,1,17-49,namna,,,
53103,1,17-51,na,,,
53104,1,17-52,(kwa) sababu,,,
53105,1,17-53,ikiwa,,,
53107,1,17-53,iwapo,,,
53106,1,17-53,kama,,,
53108,1,17-53,-ki-,,,
53109,1,17-53,"-nge-, -ngali-",,,
53110,1,17-54,au,,,
53111,1,17-55,ndiyo,,,
53112,1,17-56,siyo,,,
53114,1,17-61,-je,,,
53113,1,17-61,vipi,,,
53115,1,17-62,-ngapi,,,
53116,1,17-63,-ngapi,,,
53117,1,17-64,nini,,,
53118,1,17-65,lini,,,
53119,1,17-66,wapi,,,
53120,1,17-67,-pi,,,
53121,1,17-68,nani,,,
53122,1,17-69,kwa nini,,,
53123,1,17-69,(kwa) sababu gani,,,
53124,1,18-11,sauti,,,
53125,1,18-12,-imba,,,
53126,1,18-13,"kelele, ukelele",,,
53127,1,18-15,-nong’ona,,,
53128,1,18-16,-munyamunya,,,
53129,1,18-17,mluzi,,,
53130,1,18-18,unyende,,,
53131,1,18-19,-lia (1) (mlio mkali),,,
53132,1,18-19,-nguruma,,,
53134,1,18-21,-nena,,,
53133,1,18-21,-sema,,,
53136,1,18-211,-babaika,,,
53135,1,18-211,-gugumia,,,
53138,1,18-22,-ambia,,,
53137,1,18-22,-sema,,,
53139,1,18-221,-simulia,,,
53140,1,18-222,hotuba,,,
53141,1,18-23,-nyamaa,,,
53142,1,18-24,lugha,,,
53143,1,18-26,neno,,,
53144,1,18-28,jina,,,
53145,1,18-31,-uliza,,,
53146,1,18-32,-jibu,,,
53147,1,18-33,-kiri,,,
53148,1,18-33,-ungama,,,
53149,1,18-34,-kana,,,
53150,1,18-35,-omba,,,
53151,1,18-36,-ahidi,,,
53152,1,18-37,-kataa,,,
53153,1,18-38,-kataza,,,
53154,1,18-39,-karipia,,,
53155,1,18-39,-kemea,,,
53156,1,18-41,-ita,,,
53157,1,18-42,-ita,,,
53158,1,18-43,-tangaza,,,
53159,1,18-44,-tisha,,,
53162,1,18-45,-jigamba,,,
53161,1,18-45,-jiona,,,
53160,1,18-45,-jisifu,,,
53163,1,18-51,-andika,,,
53164,1,18-52,-soma,,,
53165,1,18-56,karatasi,,,
53166,1,18-57,kalamu,,,
53167,1,18-61,kitabu,,,
53168,1,18-67,mshairi,,,
53169,1,18-71,filimbi,,,
53170,1,18-72,ngoma,,,
53173,1,18-73,baragumu,,,
53175,1,18-73,mbiu,,,
53174,1,18-73,siwa,,,
53172,1,18-73,tarumbeta,,,
53176,1,18-74,kayamba,,,
53177,1,18-74,manyanga,,,
53178,1,19-11,nchi,,,
53179,1,19-15,mji,,,
53180,1,19-16,kijiji,,,
53181,1,19-17,mpaka,,,
53182,1,19-21,mwananchi,,,
53183,1,19-23,ukoo,,,
53184,1,19-24,fumo,,,
53185,1,19-24,jumbe,,,
53186,1,19-24,"shehe, shekh, sheik",,,
53187,1,19-25,bakora,,,
53188,1,19-31,-tawala,,,
53189,1,19-32,mfalme,,,
53190,1,19-32,sultani,,,
53191,1,19-33,malkia,,,
53192,1,19-36,muungwana,,,
53193,1,19-37,raia,,,
53194,1,19-41,bwana,,,
53195,1,19-42,mtumwa,,,
53196,1,19-43,mtumishi,,,
53197,1,19-44,huru,,,
53200,1,19-45,amri,,,
53199,1,19-45,-amuru,,,
53201,1,19-46,-tii,,,
53202,1,19-47,-ruhusu,,,
53203,1,19-51,rafiki,,,
53204,1,19-52,adui,,,
53205,1,19-54,jirani,,,
53206,1,19-55,mgeni,,,
53207,1,19-56,mgeni,,,
53209,1,19-57,mwenyeji,,,
53210,1,19-58,-saidia,,,
53211,1,19-59,-zuia,,,
53212,1,19-61,desturi,,,
53213,1,19-61,mila,,,
53214,1,19-62,ugomvi,,,
53215,1,19-63,njama,,,
53216,1,19-65,-kutana,,,
53218,1,19-72,kahaba,,,
53217,1,19-72,malaya,,,
53219,1,20-11,-pigana,,,
53220,1,20-13,vita,,,
53221,1,20-14,salama,,,
53222,1,20-15,jeshi,,,
53223,1,20-17,askari,,,
53224,1,20-21,silaha,,,
53225,1,20-22,rungu,,,
53226,1,20-23,"kombeo, kumbwewe",,,
53227,1,20-23,teo,,,
53228,1,20-24,uta,,,
53229,1,20-25,mshale,,,
53230,1,20-26,mkuki,,,
53231,1,20-27,upanga,,,
53232,1,20-28,bunduki,,,
53233,1,20-33,helmeti,,,
53234,1,20-34,ngao,,,
53236,1,20-35,boma,,,
53235,1,20-35,ngome,,,
53237,1,20-36,mnara,,,
53238,1,20-41,ushindi,,,
53239,1,20-42,-shindwa,,,
53240,1,20-43,shambulio,,,
53242,1,20-44,-kinga,,,
53241,1,20-44,-linda,,,
53243,1,20-45,-rudi nyuma,,,
53244,1,20-46,-salimu amri,,,
53245,1,20-47,mfungwa,,,
53246,1,20-471,mlinzi,,,
53248,1,20-48,mali ya wizi,,,
53247,1,20-48,mateka,,,
53249,1,20-49,"uvamizi, mavamio",,,
53250,1,20-51,mvuvi,,,
53251,1,20-52,ndoana,,,
53252,1,20-53,mshipi,,,
53253,1,20-53,ugwe wa kuvulia,,,
53254,1,20-54,wavu,,,
53255,1,20-55,dema,,,
53256,1,20-55,mgono,,,
53257,1,20-55,uzio,,,
53258,1,20-56,chambo,,,
53259,1,20-61,-winda,,,
53260,1,20-62,-piga risasi,,,
53261,1,20-63,-kosa,,,
53262,1,20-64,mtego,,,
53263,1,20-65,-tega,,,
53264,1,21-11,sheria,,,
53265,1,21-15,mahakama,,,
52722,1,12-013,-ni,,,
53266,1,21-16,-hukumu,,,
53267,1,21-17,hukumu,,,
53268,1,21-18,hakimu,,,
53270,1,21-18,jaji,,,
53269,1,21-18,kadhi,,,
53272,1,21-21,mdai,,,
53271,1,21-21,mshtaki,,,
53273,1,21-22,mshtakiwa,,,
53274,1,21-23,shahidi,,,
53275,1,21-24,-apa,,,
53277,1,21-24,-la kiapo,,,
53276,1,21-24,-la yamini,,,
53278,1,21-25,kiapo,,,
53279,1,21-25,yamini,,,
53280,1,21-31,"-shtaki, -shitaki",,,
53282,1,21-32,-laani,,,
53281,1,21-32,-ona na hatia,,,
53283,1,21-33,-tia hatiani,,,
53284,1,21-35,hatia,,,
53285,1,21-37,adhabu,,,
53286,1,21-38,faini,,,
53287,1,21-39,gereza,,,
53288,1,21-39,jela,,,
53289,1,21-42,-ua,,,
53290,1,21-43,"asherati, uasherati",,,
53293,1,21-43,mgoni,,,
53291,1,21-43,uzinzi,,,
53292,1,21-43,zinaa,,,
53294,1,21-44,ubakaji,,,
53295,1,21-51,-iba,,,
53296,1,21-52,mwizi,,,
53297,1,22-11,dini,,,
53299,1,22-12,Mola,,,
53298,1,22-12,mungu,,,
53300,1,22-13,hekalu,,,
53303,1,22-14,altare,,,
53304,1,22-14,madhabahu,,,
53306,1,22-15,kafara,,,
53305,1,22-15,tambiko,,,
53307,1,22-16,-abudu,,,
53308,1,22-17,-sali,,,
53310,1,22-18,kasisi,,,
53309,1,22-18,padri,,,
53311,1,22-19,-takatifu,,,
53312,1,22-22,-hubiri,,,
53313,1,22-22,-hutubu,,,
53314,1,22-23,-bariki,,,
53315,1,22-24,-apiza,,,
53316,1,22-24,-laani,,,
53317,1,22-26,-funga,,,
53319,1,22-31,mbinguni,,,
53318,1,22-31,pepo,,,
53320,1,22-32,jahanamu,,,
53321,1,22-32,motoni,,,
53323,1,22-35,jini,,,
53322,1,22-35,pepo,,,
53324,1,22-35,shetani,,,
53325,1,22-37,kijimungu,,,
53326,1,22-42,uchawi,,,
53327,1,22-43,mchawi,,,
53328,1,22-44,kichimbakazi,,,
53330,1,22-45,mzimu,,,
53329,1,22-45,zimwi,,,
53331,1,22-47,kisirani,,,
53336,1,23-1,redio,,,
53337,1,23-11,televisheni,,,
53338,1,23-12,simu,,,
53340,1,23-135,pikipiki,,,
53341,1,23-14,gari,,,
53342,1,23-14,motokaa,,,
53343,1,23-15,basi,,,
53347,1,23-16,eropleni,,,
53346,1,23-16,ndege,,,
53348,1,23-17,umeme,,,
53349,1,23-175,betri,,,
53355,1,23-2,hospitali,,,
53356,1,23-21,mwuguzi,,,
53357,1,23-22,kidonge,,,
53358,1,23-23,sindano,,,
53379,1,23-5,bomba,,,
53380,1,23-51,sinki,,,
53381,1,23-52,choo,,,
53382,1,23-52,msala,,,
53383,1,23-53,godoro,,,
53360,1,23-3,serikali,,,
53361,1,23-31,"rais, raisi",,,
53362,1,23-32,waziri,,,
53363,1,23-33,polisi,,,
53364,1,23-34,leseni ya kuendesha gari,,,
53368,1,23-37,jinai,,,
53367,1,23-37,uhalifu,,,
53369,1,23-38,uchaguzi,,,
53374,1,23-4,posta,,,
53375,1,23-41,stempu,,,
53376,1,23-42,barua,,,
53378,1,23-44,benki,,,
53384,1,23-54,kopo,,,
53385,1,23-55,"skrubu, sukurubu",,,
53386,1,23-555,bisibisi,,,
53387,1,23-56,chupa,,,
53389,1,23-565,peremende,,,
53388,1,23-565,pipi,,,
53359,1,23-24,miwani,,,
53390,1,23-57,plastiki,,,
53391,1,23-575,bomu,,,
53392,1,23-58,karakana,,,
53393,1,23-59,sigara,,,
53395,1,23-61,kalenda,,,
53396,1,23-62,filamu,,,
53397,1,23-63,muziki,,,
53398,1,23-64,wimbo,,,
53394,1,23-6,gazeti,,,
53370,1,23-385,anwani,,,
53371,1,23-39,"namba, nambari",,,
53344,1,23-155,gari (la) moshi,,,
53345,1,23-155,treni,,,
53366,1,23-36,cheti cha kuzaliwa,,,
53350,1,23-18,breki,,,
53354,1,23-195,mafuta,,,
53351,1,23-185,injini,,,
53352,1,23-185,mota (1),,,
53353,1,23-19,mashine,,,
53339,1,23-13,baisikeli,,,
53372,1,23-395,barabara (1),,,
53373,1,23-395,mtaa,,,
53198,1,19-445,-komboa,,,
53208,1,19-565,-alika,,,
53365,1,23-35,bamba la namba ya gari,,,
53377,1,23-43,kadi (ya posta),,,
53401,1,24-01,-wa,,,
53402,1,24-02,-wa,,,
53403,1,24-03,bila,,,
53406,1,24-05,-pitia,,,
53416,1,24-13,yule yule,,,
53408,1,24-06,ha-,,,
53407,1,24-06,si,,,
53409,1,24-06,-si-,,,
53410,1,24-07,huyu,,,
53411,1,24-08,yule,,,
53412,1,24-09,hapa,,,
53413,1,24-1,kule,,,
53414,1,24-11,-ingine,,,
52032,1,4-493,kuma,,,
53399,1,23-9,chai,,,
53400,1,23-91,kahawa,,,
53415,1,24-12,-fuata,,,
51904,1,3-863,sungura,,,
51905,1,3-865,kwale,,,
51906,1,3-865,"tomboo, tomboro",,,
51910,1,3-869,kichakuro,,,
51907,1,3-869,kidiri,,,
51908,1,3-869,kindi,,,
51909,1,3-869,kirukanjia,,,
52632,1,10-79,sleji,,,
52430,1,8-993,jani,,,
51670,1,1-771,miali ya kaskazini ya dunia,,,
52025,1,4-465,ukano,,,
52291,1,6-98,kiatu cha theluji,,,
52292,1,6-98,skii,,,
53332,1,22-5,tohara,,,
53333,1,22-51,jando,,,
53334,1,22-51,kumbi,,,
53335,1,22-51,unyago,,,
52431,1,8-996,sonobari,,,
51880,1,3-8112,chawa,,,
52033,1,4-494,uke,,,
52538,1,9-93,kinoo,,,
52341,1,7-65,ago,,,
52340,1,7-65,kambi,,,
51850,1,3-597,mnandi,,,
51899,1,3-833,kamba (1),,,
51900,1,3-834,mchwa,,,
51901,1,3-835,kupe,,,
52532,1,9-87,bumarengi,,,
51911,1,3-88,kangaruu,,,
51912,1,3-89,muhanga,,,
52342,1,7-66,kitanda cha bembea,,,
52415,1,8-911,mtama,,,
52417,1,8-911,ulezi,,,
52418,1,8-911,uwele,,,
52416,1,8-911,wimbi (2),,,
51914,1,3-913,kinyonga,,,
52535,1,9-9,-teka maji,,,
52536,1,9-91,kigingi,,,
52537,1,9-91,mambo,,,
51916,1,3-917,mbogo,,,
51915,1,3-917,nyati,,,
51640,1,1-411,mbuga,,,
51641,1,1-411,nyika,,,
51642,1,1-411,savana,,,
51677,1,1-831,mvuke,,,
51739,1,2-4561,dada,,,
51738,1,2-4561,kaka,,,
51736,1,2-4561,mkubwa,,,
51737,1,2-4561,ndugu,,,
51740,1,2-4562,mdogo,,,
51741,1,2-4562,ndugu,,,
51749,1,2-5,mjukuu,,,
51763,1,2-541,mpwa,,,
51764,1,2-541,mwana,,,
51776,1,2-622,mkwe,,,
51781,1,2-6411,mkwe,,,
51782,1,2-6412,shemeji,,,
51783,1,2-6412,wifi,,,
51798,1,2-931,yeye,,,
51799,1,2-932,yeye,,,
51800,1,2-933,yeye,,,
52064,1,4-741,maisha,,,
52070,1,4-771,mzoga,,,
52083,1,4-844,maradhi,,,
52082,1,4-844,ugonjwa,,,
52306,1,7-232,kufuli,,,
52678,1,11-29,-dhuru,,,
52677,1,11-29,-hasiri,,,
52731,1,12-081,juu,,,
52841,1,13-231,kipande,,,
52844,1,13-331,peke,,,
52868,1,14-251,mwanzo,,,
52889,1,14-411,siku,,,
53301,1,22-131,kanisa,,,
53302,1,22-132,msikiti,,,
52066,1,4-7501,-fa,,,
52089,1,4-8541,-kuna,,,
52434,1,9-111,-fanya,,,
52435,1,9-111,-tengeneza,,,
52014,1,4-431,tumbo,,,
52465,1,9-311,-futa,,,
52466,1,9-311,-pangusa,,,
51671,1,1-775,-ganda,,,
53405,1,24-04,kwa,,,
53404,1,24-04,na,,,
52720,1,12-012,katika,,,
52721,1,12-012,-ni,,,
53419,1,9-99938,-himili,,,
53423,1,11-99902,kadi,,,
53427,1,11-99904,mali,,,
53430,1,13-99903,kila,,,
53420,1,13-99908,-badili,,,
53422,1,14-99906,mara,,,
53429,1,17-99905,hali,,,
53417,1,18-99904,shairi,,,
53171,1,18-99909,-salimu,,,
53428,1,19-99901,Manga,,,
53424,1,19-99907,Hindi,,,
53426,1,19-99908,"Buki, Bukini",,,
53418,1,19-99914,cheti,,,
53425,1,19-99938,-halifu,,,
53421,1,23-99901,leseni,,,
92181432783034514-1,53,,sitta(t),,,
92181432196353747-1,53,,al-ṣubḥ,,,
92181432142637788-1,13,,socks (pl.),,,
92181432643612210-1,53,,"qulla(t), pl. qilāl",,,
92181432828500526-1,53,,ḫusrān,,,
92181432743815136-1,53,,dūd,,,
9218143251969026-1,53,,ḍamīr,,,
92181432815182366-1,53,,sarkār,,,
92181432695504031-1,53,,falğ,,,
9218143289967594-1,53,,nīya(t),,,
92181432754309981-1,53,,sabˁa(t),,,
92181432336799205-1,274,,posta,,,
92181432274439446-1,53,,tīn,,,
9218143294275578-1,13,,engine,,,
92181432401670621-1,53,,ğāˁa,,,
933123863362426-1,269,,bat ~ baṭ ~ baṭṭ,,,
92181432290623566-1,53,,nār,,,
92181432356497158-1,53,,raḥma(t),,,
92181432152993531-1,53,,ṣabba (u),,,
9218143297612978-1,53,,ištakā (VIII),,,
9218143227576026-1,53,,ˀustāḏ,,,
9218143251377061-1,269,,gardūn,,,
9218143255530653-1,53,,ḥuzn,,,
92181432793044865-1,53,,ḫaraba (i),,,
92181432243719369-1,13,,make love,,,
92181432463302844-1,53,,ṭalāq,,,
9341042443797053-1,28,,soromala,,,
92181432600019901-1,53,,ḥasaba (u),,,
92181432289880706-1,53,,lˁmān + ˁālmyān,,,
92181432474913691-1,13,,kiss,,,
9341036870211900-1,328,,*tʸaam-,,,
92181432784970107-1,53,,ḫālafa (III),,,
92181432667585652-1,53,,samiˁa (a),,,
92181432989467062-1,269,,bālang; bālingū,,,
92181432587903120-1,53,,dam,,,
92181432408876651-1,53,,"raḫḫaṣa (II), ruḫṣa(t)",,,
92181432701886006-1,154,,bangli,,,
92181432894169876-1,53,,baḥr,,,
92181432437016148-1,53,,"ṯalǧ, pl. ṯulūğ",,,
92181432771396514-1,53,,ḫaṭar,,,
9341047422382033-1,269,,ṭass,,,
92181432671809086-1,53,,ˁayb,,,
92181432416010639-1,53,,dīn,,,
9331236123968694-1,269,,barābar,,,
92181432628755830-1,53,,kanīsa(t),,,
92181432340195141-1,53,,zillīya(t),,,
92181432361259271-1,53,,sukkar,,,
92181432279246244-1,53,,daˁā (u); iddaˁā (VIII),,,
9341047596621263-1,154,,ta(i)yār,,,
92191628507383608-1,13,,brake,,,
9341039378809798-1,269,,gʰaũ,,,
9341024332278296-1,269,,gāḍī,,,
92181432601876275-1,13,,brush,,,
92181432616391701-1,53,,dayn,,,
9341026811859376-1,154,,ğahāz,,,
9341034775654720-1,269,,mez,,,
92181432229852891-1,269,,māmā,,,
9341028410049247-1,269,,qaḥba,,,
92181432699189231-1,154,,barbarī,,,
92181432498835268-1,269,,kūṛhi,,,
92181432498835268-2,154,,kūṛhi,,,
92181432898721137-1,53,,ṣaut,,,
92181432421978996-1,13,,skirt,,,
92181432194262224-1,53,,rafīq,,,
92181432182919663-1,13,,stove,,,
92181432698537940-1,53,,ğaraḥa (a),,,
92181432230837448-1,53,,sāˁa,,,
92181432933402551-1,13,,aeroplane,,,
92181432623380172-1,53,,ṭūfān,,,
92181432228552681-1,53,,kanbā,,,
92181432107594456-1,232,,betula,,,
92181432735848831-1,53,,ˀumma(t),,,
9218143284186130-1,13,,fan,,,
92181432670848380-1,53,,ṣaḥn,,,
9341041259394701-1,269,,fūfal,,,
92181432804326792-1,53,,wasaḫ,,,
92181432316755644-1,53,,zāna (i),,,
92181432115709730-1,269,,šāna,,,
92181432249762547-1,13,,coat,,,
92181432289397761-1,53,,bāqūl,,,
92181432960015833-1,274,,quimão,,,
92181432892338102-1,53,,ḏakar,,,
92181432308298124-1,154,,"patāsi, pʰāɖsī",,,
9341020682839429-1,269,,dādā,,,
92181432187229405-1,53,,maḥkama(t),,,
92181432581824588-1,13,,machine,,,
92181432339901785-1,53,,al-ḫamīs,,,
92181432523421381-1,53,,šuğāˁ,,,
9331229645128228-1,269,,baḫt,,,
92181432899836816-1,244,,ŋhaangála.’,,,
92181432888819097-1,13,,music,,,
92181432758198207-1,53,,tāğir,,,
934103967960722-1,154,,ğūˁ,,,
92181432701270480-1,53,,ğūḫ,,,
92181432135468179-1,53,,kadd,,,
92181432313651679-1,53,,baḫīl,,,
92181432904640981-1,53,,"laum, lauma(t)",,,
9341030207352946-1,269,,kārkhānā,,,
92181432549825069-1,53,,mismār,,,
92181432731317052-1,53,,ṯallaṯa; saliṭa,,,
92181432425551938-1,53,,ˁišra(t),,,
92181432514016240-1,13,,glove,,,
9341050110388604-1,269,,tambākū,,,
92181432463588292-1,53,,qaṭṭa (u); qaṭṭaˁa (a),,,
92181432525735552-1,53,,nuṣṣ < nuṣf,,,
92181432317890062-1,53,,"qidr, qidra(t); qadara(t)",,,
921814324252776-1,53,,qālab,,,
92181432675782746-1,53,,širās,,,
92181432793855253-1,13,,dance,,,
92181432598546258-1,53,,ˁunwān,,,
92181432470359565-1,53,,ṣanam,,,
92181432483234375-1,53,,sāˁa(t),,,
92181432510579040-1,53,,dubb,,,
92181432836709701-1,244,,mbʊgá,,,
92181432627075647-1,53,,ǧamal,,,
92181432672864563-1,53,,sirwāl,,,
92181432196953722-1,269,,balāya,,,
934103840619588-1,28,,ngadawa,,,
92181432738470297-1,53,,būsa(t),,,
92181432804123800-1,53,,raˁīs,,,
92181432411599076-1,53,,"ḥasada (u), ḥasad",,,
92181432444666468-1,53,,ˀamr,,,
9341033487837831-1,154,,maččʰwā,,,
9341021493014335-1,269,,dastūr,,,
92181432674381537-1,53,,ˁaql,,,
92181432988209404-1,53,,sahm,,,
92181432853798159-1,53,,ğāba (II),,,
92181432487954465-1,53,,ˁaḏāb,,,
92181432946025670-1,53,,mudda(t),,,
9331225461191679-1,269,,bābū,,,
9341050723859129-1,269,,bāz ~ wāz,,,
92181432328944466-1,312,,mhanga,,,
92181432864699315-1,53,,tunbāk,,,
9218143262918643-1,53,,ˀaqarra (IV),,,
9341028817114050-1,154,,qaḥba,,,
921814329307589-1,53,,hawāˀ,,,
92181432181818683-1,53,,ˀamara (u),,,
9341023131019220-1,154,,dastmāl,,,
9341037765921589-1,269,,"langar, nangar, nangal",,,
92181432736062903-1,53,,laḏḏa(t),,,
92181432944454055-1,13,,television,,,
92181432154960038-1,163,,mašawa ~ mašawa,,,
92181432275763728-1,13,,number,,,
92181432448215829-1,53,,šahīd,,,
92181432402427465-1,53,,samm,,,
92181432914999646-1,53,,sār-ˁamala,,,
92181432971801878-1,53,,haykal,,,
9341048965610818-1,154,,tofān,,,
92181432698555762-1,154,,buz ~ būz,,,
9341045868734216-1,154,,sonobar,,,
9341050997624723-1,154,,waqt,,,
9341030672615821-1,269,,kār,,,
92181432329033325-1,53,,banbak,,,
92181432857087484-1,53,,dawāˀ,,,
92181432374805250-1,53,,al-ẓuhr,,,
92181432381243293-1,53,,šakka (u),,,
92181432502166280-1,13,,hospital,,,
92181432600019783-1,13,,plough,,,
92181432938191779-1,269,,būm,,,
9341050159887354-1,154,,bāz ~ wāz,,,
92181432980394078-1,53,,qaṣd,,,
92181432830026863-1,53,,nīr,,,
92181432905651979-1,53,,kaff,,,
92181432489528534-1,53,,markab,,,
92181432533836844-1,13,,savanna,,,
92181432383276904-1,202,,gadawa,,,
9341045677857170-1,269,,ṣūr,,,
92181432576264917-1,53,,šāˁir,,,
92181432439225386-1,53,,ḥarīr,,,
9341023128650777-1,269,,dastmāl,,,
92181432123006105-1,53,,h̝ākim,,,
92181432328590594-1,53,,ğubn,,,
92181432827741533-1,53,,raṣāṣ,,,
92181432110761208-1,154,,bāns,,,
92181432167446933-1,53,,layyin,,,
92181432395173949-1,53,,qasqās,,,
92181432414506299-1,154,,ḓābh,,,
92181432555806466-1,13,,motorcar,,,
92181432319399940-1,202,,kəladi,,,
92181432573624595-1,53,,bilā,,,
92181432367619724-1,53,,ḥaraka(t),,,
92181432854923055-1,269,,ḫarqī,,,
92181432439280770-1,13,,card,,,
9331237223784295-1,269,,burquˁ ~ burqaˁ,,,
92181432221589063-1,53,,darağa(t),,,
92181432938010439-1,53,,yabs,,,
92181432576025848-1,163,,sīm,,,
9218143227309189-1,53,,ˁāfiya(t),,,
92181432941247101-1,53,,šarīˁa(t),,,
9218143212214694-1,53,,"laˁana (a), laˁn, laˁna(t)",,,
92181432965510464-1,53,,samak,,,
92181432459695640-1,154,,gandum,,,
92181432725822101-1,53,,maġrib,,,
92181432463446837-1,53,,māl,,,
92181432207613358-1,269,,bā-rāh,,,
934103447216899-1,154,,muṣallā,,,
92181432355396270-1,53,,badala (u),,,
92181432916047188-1,154,,ulwā,,,
92181432506725461-1,274,,padre,,,
92181432110514072-1,53,,kinbār,,,
92181432424919197-1,53,,muṣallan,,,
92181432311490535-1,53,,quffa(t),,,
9218143290448801-1,269,,pāča,,,
92181432868853132-1,13,,pin,,,
92181432436378154-1,53,,baiˁ,,,
92181432369459315-1,13,,mortar,,,
9341026248919808-1,269,,bahādur,,,
92181432828340540-1,312,,-ɣamba,,,
92181432110137435-1,269,,kāsa pušt,,,
92181432257629722-1,53,,"sabuˁ, pl. sibāˁ",,,
921814325276859-1,274,,caroço,,,
92181432256612213-1,53,,tisˁa(t),,,
92181432910791916-1,53,,ṭahāra,,,
92181432622859383-1,53,,šayḫ,,,
92181432742336697-1,53,,fiḍḍa,,,
9218143270116502-1,13,,earwax,,,
92181432414417233-1,154,,ɖʰēkō,,,
9341030420624878-1,154,,kār ḫāna,,,
92181432828698748-1,53,,silāḥ,,,
92181432223522706-1,53,,ḫasira (a); ḫassara (II),,,
9341042756621529-1,154,,sābun,,,
92181432921726724-1,53,,kamā,,,
92181432389650857-1,53,,lāzim(an),,,
92181432162827657-1,53,,baqiya (a),,,
9341025525116919-1,154,,hākim,,,
9341044860385373-1,269,,sīm,,,
9341031199909344-1,154,,kibrīt,,,
92181432125699576-1,53,,samuḥa (u),,,
92181432189264504-1,53,,ˁaṭṭa,,,
92181432396584784-1,53,,qaḥba(t),,,
92181432986826927-1,53,,faḫāra(t),,,
9341050127565295-1,154,,tanbākū,,,
92181432644128635-1,53,,ˁišrīn,,,
9341031279316396-1,269,,qulla,,,
92181432315064114-1,53,,sabab,,,
92181432700785972-1,53,,ṣallā (II),,,
92181432100631540-1,53,,kullāb,,,
92181432737231464-1,53,,"ˁahida (a), ˁāhada (III)",,,
9218143269185676-1,53,,yamīn,,,
92181432647860469-1,53,,al-ˁaṣr,,,
92181432482662071-1,53,,sammā (II),,,
92181432423820815-1,53,,makka(t); manqaˁ,,,
92181432981212854-1,13,,cheese,,,
9331239116422228-1,269,,bandūq,,,
92181432887292306-1,53,,(yaum) al-ğumˁa(t),,,
92181432412499517-1,13,,kangaroo,,,
92181432504713995-1,13,,boomerang,,,
92181432603071602-1,53,,maraḍ,,,
92181432963196952-1,53,,sahā (u); sahw,,,
92181432183355972-1,163,,dastūr,,,
9341035840936442-1,154,,mismār,,,
92191628288890129-1,13,,motor,,,
9341049139890897-1,269,,ṭūfa,,,
92181432665628408-1,13,,blanket,,,
92181432678368036-1,78,,tai fung,,,
92181432446671796-1,53,,"ˁamm, ˁammi",,,
9341045506434734-1,269,,ˀustād,,,
92181432297906266-1,53,,baiˁa(t) wa-širāˀ,,,
9341043241241239-1,269,,sarkārī,,,
9218143265236012-1,53,,sawāˀ,,,
92181432715545690-1,53,,sāmara (III),,,
92181432242759270-1,274,,batata,,,
92181432880897250-1,53,,"baġl, fem. baġla(t)",,,
92181432978783078-1,13,,week,,,
92181432750278463-1,53,,baḫt,,,
92181432966367335-1,53,,ˀalf,,,
92181432324338596-1,154,,paṯi,,,
92181432900462730-1,13,,oven,,,
92181432126798718-1,53,,kanb,,,
9341043751840907-1,154,,sirīš,,,
92191628724779681-1,13,,stamp,,,
92181432692046724-1,53,,"qissīs, qasīs",,,
92181432774128138-1,13,,helmet,,,
9341034152957802-1,154,,mez ~ mīz,,,
9341046816495562-1,269,,šalwār,,,
92181432800262922-1,53,,ğarraba (II),,,
92181432675745598-1,53,,miˀa(t),,,
92181432184183487-1,53,,ğanāb,,,
92181432683183321-1,53,,ğahāz,,,
92181432485835093-1,53,,ṭast ~ ṭassa(t) ~ ṭass ~ ṭašt,,,
92181432744280128-1,53,,sīrağ,,,
92181432542954941-1,53,,ṣufr,,,
92181432278375921-1,53,,ṭuˁma(t),,,
92181432977623572-1,53,,qallala (II),,,
934102836884580-1,154,,qahvā,,,
9331239376924059-1,274,,bomba,,,
92181432672913164-1,53,,tadd,,,
92181432558263017-1,53,,wazīr,,,
92181432879985398-1,13,,rake,,,
92181432889100764-1,53,,mauz,,,
92181432815809030-1,53,,mušāhara(t),,,
92181432117573698-1,13,,bicycle,,,
92181432528795087-1,53,,ˁušr,,,
9331250395079265-1,269,,bustān,,,
92181432521848950-1,53,,baˁda,,,
92181432283484380-1,274,,igreja,,,
92181432706805031-1,53,,ḥaqīqa(t),,,
9218143283483102-1,53,,wāḍiḥ,,,
92181432424425434-1,53,,nafaqa(t),,,
92181432200903991-1,28,,"mpàka, pàka",,,
92181432688774301-1,53,,naqqaša (II); naqš,,,
921814324229992-1,53,,mašriq,,,
92181432370026104-1,13,,fine,,,
92181432388016582-1,53,,nūr,,,
92181432182252375-1,13,,ski,,,
92181432498369883-1,53,,malaka (i),,,
9341042833338623-1,154,,sanam,,,
92181432617832553-1,53,,karaḫāna(t),,,
92181432891863220-1,13,,calendar,,,
934103591044838-1,269,,mismār,,,
92181432377053121-1,53,,maǧran,,,
92181432482201693-1,53,,ḥafiẓa (a); ḥifāẓ,,,
92181432342836145-1,274,,barrote,,,
92181432683235057-1,13,,film,,,
92181432487253208-1,28,,vàry,,,
9341047423055243-1,269,,taiyār,,,
92181432575025477-1,328,,*-suuk-,,,
92181432688447213-1,53,,bumba,,,
92181432910025816-1,53,,ğīrān,,,
92181432445756936-1,154,,mēl,,,
9218143223718800-1,53,,"sirr, sirrī",,,
92181432887138056-1,53,,ğāk,,,
92181432229850049-1,13,,sledge,,,
9341029264586395-1,28,,akànzo,,,
92181432802753250-1,96,,exercitus,,,
92181432126330721-1,53,,kibrīt,,,
92181432307357571-1,13,,axle,,,
92181432644745558-1,53,,raˀs,,,
92181432980768467-1,53,,ġabbaba (II),,,
92181432611315733-1,53,,ṯāniyan,,,
92181432411587906-1,53,,birka(t),,,
92181432240030118-1,53,,"mait, mayyit; maita(t)",,,
9218143277307630-1,13,,blue,,,
92181432150078725-1,53,,duǧan,,,
92181432659542414-1,154,,dīspīs,,,
92181432647076972-1,53,,ḥikma(t),,,
92181432401664980-1,53,,šakḳ,,,
9341026485091240-1,154,,horī,,,
92181432320872617-1,356,,top,,,
92181432994894745-1,53,,kattān,,,
9218143288994523-1,154,,paisā,,,
92181432414919372-1,53,,filfil,,,
92181432632298764-1,274,,limão,,,
92181432834562857-1,53,,manāra(t),,,
9341032530518707-1,154,,qufl,,,
9341027257378401-1,269,,čūḫā,,,
92181432258127234-1,274,,fio,,,
92181432159679764-1,269,,sūzan,,,
92181432698420026-1,53,,maˁīša(t),,,
92181432763180495-1,13,,oak,,,
92181432559396492-1,154,,darīča,,,
92181432111292048-1,154,,barf,,,
92181432930941512-1,53,,zaitūn,,,
92181432242196353-1,13,,sausage,,,
92181432331945953-1,53,,ˀau,,,
9341033314544101-1,269,,buz,,,
92181432285689641-1,53,,qahwa(t),,,
92181432913697708-1,53,,marra(t),,,
92181432992348928-1,53,,ṭamiˁa (a); iṭmaˀanna (IV); muṭmaˀinn,,,
92181432324663404-1,53,,ḫaṭaba (u),,,
9218143299026541-1,112,,qūbān,,,
92181432998209036-1,53,,šayṭān,,,
92181432588617259-1,53,,masğid,,,
92181432657772451-1,123,,champ,,,
92181432501352016-1,163,,šūwār,,,
9218143283176594-1,53,,malika; malakīya(t),,,
9218143247624954-1,53,,barr,,,
92181432464242065-1,53,,fariḥa (a),,,
9331229784987605-1,154,,baḫt,,,
9341043942377180-1,269,,širīš,,,
92181432195744112-1,53,,wazn,,,
92181432688392314-1,53,,sūq,,,
92181432813438720-1,53,,ṭufāl,,,
92181432205491134-1,13,,jug,,,
9341018546741077-1,269,,čiṭṭhī,,,
92181432763957669-1,53,,ˁarūs,,,
92181432742694223-1,53,,ğāmaˁa (III),,,
92181432895492112-1,53,,raǧaˁa (i),,,
92181432530483579-1,53,,ˁāša (i); ˁīša(t),,,
92181432127467438-1,53,,ẓanna (u),,,
92181432261694392-1,53,,nadā (u),,,
9341023632821820-1,269,,dukān,,,
92181432763907698-1,53,,waqt,,,
934102911643437-1,269,,kanaba,,,
92181432290793792-1,53,,dāda(t),,,
92181432727898978-1,13,,school,,,
9218143292242908-1,13,,radio,,,
9218143255284687-1,53,,sallama (II),,,
92181432789451211-1,53,,ṣifr,,,
9341020543964031-1,13,,chalk,,,
9341027644812830-1,269,,zanbīl,,,
934103772002125-1,154,,līmū(n),,,
9341029461306238-1,269,,kākā,,,
92181432701712058-1,274,,trombeta,,,
92181432218006310-1,53,,raˁd,,,
92181432290522-1,53,,"līm, laimū(n)",,,
92181432675633668-1,53,,ˁarf,,,
92181432725802523-1,53,,yatīm,,,
9218143259274235-1,53,,zabīb,,,
92181432201952606-1,53,,ğauz,,,
92181432499016378-1,53,,ḥasra(t),,,
9341039844538392-1,269,,ǧūa,,,
9341040600174209-1,154,,pilpil,,,
92181432143219838-1,53,,ḍarba(t),,,
92181432360219310-1,274,,boto,,,
9341036445401390-1,53,,ṭaˁām,,,
9341041607854664-1,28,,foroforo,,,
92181432468693046-1,53,,baṣāra,,,
92181432814070718-1,53,,luġa(t),,,
9331254512116891-1,154,,čāy,,,
92181432860819344-1,53,,ṭāˁa (u); muṭīˁ,,,
92181432310473299-1,13,,jail,,,
9331237224716751-1,269,,barf,,,
9341030229970160-1,154,,kār,,,
92181432563416254-1,53,,faḥl,,,
92181432316205204-1,53,,ˁaskarī,,,
933123926116720-1,154,,bunduqīya(t),,,
9331235189108517-1,269,,bar,,,
9218143293081635-1,163,,barwa,,,
933121486323888-1,269,,bābā,,,
92181432754561976-1,53,,ṣarf; ṣarāf,,,
92181432967444043-1,154,,namūna,,,
9341043492315388-1,154,,sar-kār,,,
933125499298885-1,269,,čāy,,,
9341022891663947-1,269,,darīča,,,
92181432702864334-1,89,,zhong hua,,,
92181432510590404-1,53,,ğahannam,,,
92181432774987460-1,163,,ṭūfa,,,
92181432331044465-1,13,,bus,,,
92181432861631907-1,53,,samāˀ,,,
9341046263280799-1,154,,sultān,,,
92181432839352059-1,53,,"dāra(t), dāˀira(t); dawwāra(t)",,,
9341021966619766-1,154,,dastūrī,,,
9218143298710074-1,53,,ẓāhir,,,
92181432350137434-1,53,,ẓann,,,
92181432430667344-1,53,,hurī ~ hūrī,,,
92181432372970465-1,53,,al-fağr,,,
92181432160931997-1,53,,"bard, bārid",,,
92181432411185973-1,53,,murabbaˁ,,,
92181432601053599-1,53,,fahima (a),,,
92181432371480422-1,169,,altare,,,
92181432401743350-1,53,,ˁuyūn; ˁuwaināt,,,
92181432743451580-1,269,,tandū,,,
92181432377959878-1,53,,bin-ˁamm,,,
92181432832124398-1,53,,ḥumma(t),,,
92181432432609071-1,13,,battery,,,
9341021802772376-1,154,,davā,,,
92181432359744013-1,53,,ḫsr,,,
92181432122364359-1,53,,"kūm, kūma(t)",,,
9341022130434235-1,154,,dīn,,,
92181432454634857-1,21,,kimono,,,
92181432446783373-1,13,,collar,,,
9331227211233765-1,269,,bahra,,,
92181432566020129-1,154,,bābū,,,
92181432826598538-1,53,,ḏurrīya(t),,,
92181432539004473-1,13,,bill,,,
92181432564477151-1,53,,ṣaḥīḥ,,,
92181432500333429-1,269,,jung,,,
92181432351392317-1,13,,corner,,,
92181432351025782-1,53,,ḍāra (u),,,
92181432162417988-1,154,,čiṭṭī,,,
92181432239044909-1,53,,qufl,,,
92181432808273992-1,135,,Schule,,,
92181432796948223-1,89,,chenzə,,,
92181432668886937-1,53,,dasmāla(t),,,
92181432812743999-1,13,,sink,,,
92181432877416314-1,13,,peppermint,,,
92181432978357207-1,154,,langar,,,
92181432442065869-1,53,,dāma (u),,,
92181432226098669-1,53,,šamaˁa(t),,,
9341023380371437-1,154,,dukkān,,,
9218143210664772-1,154,,ḫūddārī,,,
92181432830850955-1,53,,muwalliˁ (part. pass. II),,,
92181432639772734-1,154,,gārī,,,
92181432126799081-1,274,,báculo,,,
92181432597322120-1,13,,beer,,,
92181432409529614-1,53,,ḥamala (i),,,
92181432739825515-1,13,,bomb,,,
92181432130472208-1,53,,"maḥall, maḥāll",,,
92181432641838658-1,13,,gum,,,
9331238862279268-1,269,,bībī,,,
92181432162242923-1,53,,al-hind,,,
92181432166416961-1,274,,vinho,,,
92181432597493289-1,53,,tawahhama (V),,,
92181432364697585-1,53,,sukkān,,,
92181432919297445-1,53,,"ṭabba (u, i); ṭibb",,,
934102695083671-1,269,,jahāz,,,
9341037358013825-1,269,,līmū,,,
9341038701848367-1,269,,ngam,,,
92181432262386697-1,269,,panba,,,
92181432757746053-1,53,,waṣafa (yaṣifu); ṣifa(t),,,
92181432516117650-1,53,,ˁasal,,,
9218143225002365-1,154,,gōdrō,,,
92181432399867390-1,387,,mgono,,,
92181432714457095-1,312,,-kemela,,,
92181432147209987-1,53,,ğināya(t); ğināˀī,,,
92181432271956915-1,53,,rūḥ,,,
92181432794553197-1,13,,license,,,
92181432576494839-1,53,,bustān,,,
92181432163513697-1,53,,waswās,,,
92181432321005245-1,13,,doctor,,,
92181432440205466-1,53,,taftīš,,,
9218143227088952-1,274,,noz,,,
92181432658600401-1,154,,manǧa,,,
92181432505625416-1,53,,qartās,,,
92181432418187955-1,53,,ˁabada (u),,,
92181432461815184-1,53,,ṣūf,,,
921814327361851-1,13,,bank,,,
92181432847178377-1,202,,sərimala,,,
92181432516223299-1,53,,ḍaˁīf,,,
92181432586136515-1,154,,gallawat,,,
92181432551659889-1,53,,ṣanawbar,,,
92181432327049276-1,13,,boot,,,
92181432893603585-1,386,,-gona,,,
9218143268141942-1,53,,ˀāla(t),,,
92181432937617257-1,154,,dīyā,,,
9218143297196145-1,53,,s̆āy,,,
92181432994782519-1,53,,ḏahab,,,
92181432819964425-1,154,,suk ~ šuk,,,
92181432476406055-1,269,,bandar,,,
92181432465215367-1,53,,baṭṭa(t),,,
92181432899484895-1,53,,ṣābūn,,,
92181432757198809-1,53,,qalam,,,
92181432535989210-1,53,,raˁīya,,,
9218143279732068-1,53,,sitāra,,,
92181432425035784-1,53,,ˀabadan,,,
92181432966888552-1,53,,ḫaima(t),,,
92181432875081988-1,53,,raḫīṣ,,,
92181432945636983-1,53,,ğumˁa(t),,,
9218143235996654-1,53,,ğamāˁa,,,
9218143227059341-1,123,,du vin,,,
92181432103398522-1,13,,glue,,,
92181432591808320-1,53,,bandar,,,
9218143247468276-1,53,,sāˁada (III),,,
92181432991181192-1,53,,"fakara (u, i)",,,
92181432188837185-1,13,,train,,,
92181432458464123-1,163,,"ġubb, ġubba(t)",,,
92181432169962584-1,13,,judge,,,
9218143286018587-1,53,,radda (u),,,
92181432440911821-1,13,,towel,,,
9218143258430557-1,53,,dunyā,,,
92181432486695094-1,53,,tawallā (V),,,
9341020304628254-1,154,,čak,,,
92181432654937311-1,53,,ḥakama (u); ḥukm,,,
92181432244176609-1,53,,ḫuṭba(t),,,
92181432923312350-1,53,,ṯabata (u); ṯubūt,,,
92181432102535810-1,274,,mesa,,,
92181432394318751-1,13,,plastic,,,
92181432906388888-1,53,,ḫauf,,,
92181432417365310-1,53,,ğaiš,,,
92181432883274638-1,274,,copo,,,
92181432861987179-1,53,,"duḫān; dāḫina, madḫana",,,
92181432377531557-1,274,,chapéu,,,
92181432183624703-1,13,,gazette,,,
92181432174759876-1,53,,kūfiya,,,
92181432129075191-1,13,,spade,,,
92181432786646038-1,163,,mēz,,,
92181432678672375-1,53,,kaffāra(t),,,
92181432535493230-1,154,,kākā,,,
92181432391856573-1,276,,*wari,,,
92181432918060549-1,53,,ġāl(in),,,
92181432141286091-1,53,,kitāb,,,
92181432464047932-1,53,,"qabr, pl. qubūr",,,
92181432507160752-1,53,,tabassama (V),,,
92181432451867788-1,53,,ˁadūw,,,
9341051823799617-1,269,,vazīr,,,
92181432978244462-1,53,,qabla,,,
92181432592172465-1,53,,ğaˀaša (a),,,
9341040590988744-1,269,,filfil,,,
92181432828816575-1,53,,barr,,,
92181432848661000-1,53,,šaˁīr,,,
9341035125498234-1,269,,mazgit,,,
9341040269993621-1,274,,peça,,,
92181432758246911-1,274,,mandioca,,,
9341048349603973-1,269,,tūfān,,,
92181432709731025-1,53,,šabah,,,
9218143242368418-1,53,,qāsa (i),,,
92181432330245920-1,53,,misṭara(t),,,
92181432970017460-1,154,,bībī,,,
92181432564113013-1,53,,siǧāra(t),,,
92181432501990861-1,53,,"ˀamina (a), ˀāmana (IV)",,,
92181432328155040-1,53,,ḥukm,,,
92181432928317724-1,53,,faras,,,
92181432179964351-1,312,,tambiko,,,
92181432650631128-1,28,,àvona,,,
92181432328511042-1,53,,qarīb,,,
9218143257714417-1,154,,gond,,,
9331226888773387-1,154,,baḥr,,,
92181432734331013-1,53,,ḫaṭiyya,,,
92181432277851009-1,53,,ṣūr,,,
9218143272537859-1,13,,family,,,
9341032870320768-1,269,,kaṭṭān,,,
92181432464375707-1,53,,ḥayy,,,
9341041783048534-1,154,,pūpal,,,
92181432759840568-1,53,,qāḍ(in),,,
9218143215337140-1,53,,qaṭaˁa (a),,,
9341025473769206-1,154,,havā,,,
92181432634256534-1,53,,ḫāna (u); ḫāˀin,,,
92181432790563466-1,53,,miskīn,,,
92181432720602262-1,53,,kull,,,
9341036320026475-1,269,,namūnā,,,
92181432777454110-1,53,,ḫabbara (II); ḫubr,,,
92181432702567924-1,53,,zināˀ,,,
92181432829891419-1,154,,"gōnṭʰan, gōnṭʰ",,,
9218143284183914-1,53,,bunduqīya(t),,,
9218143255210407-1,53,,"barraka (ii), bāraka (III)",,,
92181432457055413-1,13,,earring,,,
92181432788562914-1,53,,ṣalīb,,,
9341042881062670-1,269,,rang,,,
92181432468053369-1,13,,soup,,,
9218143278642268-1,53,,bābā,,,
9341048607785882-1,269,,sufāl,,,
92181432976176770-1,53,,saqf,,,
92181432361636846-1,53,,"miqaṣṣ, pl. maqaṣṣ",,,
92181432792614878-1,53,,kaus ~ kūs,,,
92181432526086182-1,13,,police,,,
9218143276823322-1,53,,burquˁ,,,
9218143263057744-1,53,,fawfal,,,
92181432507602446-1,53,,maḏbaḥ,,,
92181432469176758-1,269,,bān,,,
92181432847238907-1,53,,muˁallim,,,
92181432578784155-1,274,,lenço,,,
92181432180076408-1,13,,shirt,,,
92181432558242507-1,274,,pau,,,
9341033222041972-1,269,,dūd,,,
9341051545631462-1,154,,wazīr,,,
92181432549725122-1,53,,zāˀid,,,
9341032387435318-1,154,,lauz,,,
92181432937389720-1,53,,ˁumr,,,
9331234185253147-1,154,,bandar,,,
92181432142176711-1,53,,ṭayyār,,,
92181432409365367-1,53,,qandūra(t),,,
92181432423734164-1,53,,mauṭin,,,
92181432537076080-1,53,,salām; salāma(t),,,
92181432969961495-1,53,,miḫraz,,,
92181432100682360-1,53,,raff,,,
9331236627044120-1,154,,bar-ā-bar,,,
92181432650218244-1,53,,mawlan,,,
92181432516189633-1,53,,sinn,,,
92181432831593537-1,328,,ˀiliba,,,
92181432924454682-1,53,,ğinn,,,
92181432725029867-1,13,,gown,,,
9331214875844292-1,154,,bābā,,,
9341038663811791-1,269,,ɠaũ,,,
92181432150412418-1,154,,rang,,,
934104691064885-1,154,,šalwār,,,
92181432806957699-1,53,,ḥurr,,,
92181432631979359-1,53,,ğasara (u); ǧasāra(t),,,
92181432691325334-1,154,,selā ~ šelā,,,
92181432342931269-1,53,,ṭaˁm; ṭaˁim,,,
92181432916433324-1,53,,tāqa,,,
9218143260656960-1,53,,ṭāˀir,,,
9218143212381386-1,53,,lauz,,,
92181432354080765-1,13,,mail,,,
92181432436980837-1,53,,ˀağara (u),,,
92181432817345168-1,53,,milla(t),,,
92181432161329953-1,53,,sulṭān,,,
92181432191325039-1,53,,dukkān,,,
92181432420570649-1,53,,ḥāl,,,
92181432849474625-1,53,,ṣāf(in),,,
92181432733726541-1,13,,screw,,,
